unsigned char ___pico_keyboard_dist_keyboard_bin[] = {
  0x00, 0xb5, 0x32, 0x4b, 0x21, 0x20, 0x58, 0x60, 0x98, 0x68, 0x02, 0x21,
  0x88, 0x43, 0x98, 0x60, 0xd8, 0x60, 0x18, 0x61, 0x58, 0x61, 0x2e, 0x4b,
  0x00, 0x21, 0x99, 0x60, 0x02, 0x21, 0x59, 0x61, 0x01, 0x21, 0xf0, 0x22,
  0x99, 0x50, 0x2b, 0x49, 0x19, 0x60, 0x01, 0x21, 0x99, 0x60, 0x35, 0x20,
  0x00, 0xf0, 0x44, 0xf8, 0x02, 0x22, 0x90, 0x42, 0x14, 0xd0, 0x06, 0x21,
  0x19, 0x66, 0x00, 0xf0, 0x34, 0xf8, 0x19, 0x6e, 0x01, 0x21, 0x19, 0x66,
  0x00, 0x20, 0x18, 0x66, 0x1a, 0x66, 0x00, 0xf0, 0x2c, 0xf8, 0x19, 0x6e,
  0x19, 0x6e, 0x19, 0x6e, 0x05, 0x20, 0x00, 0xf0, 0x2f, 0xf8, 0x01, 0x21,
  0x08, 0x42, 0xf9, 0xd1, 0x00, 0x21, 0x99, 0x60, 0x1b, 0x49, 0x19, 0x60,
  0x00, 0x21, 0x59, 0x60, 0x1a, 0x49, 0x1b, 0x48, 0x01, 0x60, 0x01, 0x21,
  0x99, 0x60, 0xeb, 0x21, 0x19, 0x66, 0xa0, 0x21, 0x19, 0x66, 0x00, 0xf0,
  0x12, 0xf8, 0x00, 0x21, 0x99, 0x60, 0x16, 0x49, 0x14, 0x48, 0x01, 0x60,
  0x01, 0x21, 0x99, 0x60, 0x01, 0xbc, 0x00, 0x28, 0x00, 0xd0, 0x00, 0x47,
  0x12, 0x48, 0x13, 0x49, 0x08, 0x60, 0x03, 0xc8, 0x80, 0xf3, 0x08, 0x88,
  0x08, 0x47, 0x03, 0xb5, 0x99, 0x6a, 0x04, 0x20, 0x01, 0x42, 0xfb, 0xd0,
  0x01, 0x20, 0x01, 0x42, 0xf8, 0xd1, 0x03, 0xbd, 0x02, 0xb5, 0x18, 0x66,
  0x18, 0x66, 0xff, 0xf7, 0xf2, 0xff, 0x18, 0x6e, 0x18, 0x6e, 0x02, 0xbd,
  0x00, 0x00, 0x02, 0x40, 0x00, 0x00, 0x00, 0x18, 0x00, 0x00, 0x07, 0x00,
  0x00, 0x03, 0x5f, 0x00, 0x21, 0x22, 0x00, 0x00, 0xf4, 0x00, 0x00, 0x18,
  0x22, 0x20, 0x00, 0xa0, 0x00, 0x01, 0x00, 0x10, 0x08, 0xed, 0x00, 0xe0,
  0x00, 0x00, 0x00, 0x00, 0x00, 0x00, 0x00, 0x00, 0x00, 0x00, 0x00, 0x00,
  0x74, 0xb2, 0x4e, 0x7a, 0x00, 0x20, 0x04, 0x20, 0xf7, 0x01, 0x00, 0x10,
  0xcb, 0x01, 0x00, 0x10, 0xcd, 0x01, 0x00, 0x10, 0xc9, 0x01, 0x00, 0x10,
  0xc9, 0x01, 0x00, 0x10, 0xc9, 0x01, 0x00, 0x10, 0xc9, 0x01, 0x00, 0x10,
  0xc9, 0x01, 0x00, 0x10, 0xc9, 0x01, 0x00, 0x10, 0xc9, 0x01, 0x00, 0x10,
  0xcf, 0x01, 0x00, 0x10, 0xc9, 0x01, 0x00, 0x10, 0xc9, 0x01, 0x00, 0x10,
  0xd1, 0x01, 0x00, 0x10, 0xd3, 0x01, 0x00, 0x10, 0xc1, 0x01, 0x00, 0x10,
  0xc1, 0x01, 0x00, 0x10, 0xc1, 0x01, 0x00, 0x10, 0xc1, 0x01, 0x00, 0x10,
  0xc1, 0x01, 0x00, 0x10, 0xc1, 0x01, 0x00, 0x10, 0xc1, 0x01, 0x00, 0x10,
  0xc1, 0x01, 0x00, 0x10, 0xc1, 0x01, 0x00, 0x10, 0xc1, 0x01, 0x00, 0x10,
  0xc1, 0x01, 0x00, 0x10, 0xc1, 0x01, 0x00, 0x10, 0xc1, 0x01, 0x00, 0x10,
  0xc1, 0x01, 0x00, 0x10, 0xc1, 0x01, 0x00, 0x10, 0xc1, 0x01, 0x00, 0x10,
  0xc1, 0x01, 0x00, 0x10, 0xc1, 0x01, 0x00, 0x10, 0xc1, 0x01, 0x00, 0x10,
  0xc1, 0x01, 0x00, 0x10, 0xc1, 0x01, 0x00, 0x10, 0xc1, 0x01, 0x00, 0x10,
  0xc1, 0x01, 0x00, 0x10, 0xc1, 0x01, 0x00, 0x10, 0xc1, 0x01, 0x00, 0x10,
  0xc1, 0x01, 0x00, 0x10, 0xc1, 0x01, 0x00, 0x10, 0xc1, 0x01, 0x00, 0x10,
  0xc1, 0x01, 0x00, 0x10, 0xc1, 0x01, 0x00, 0x10, 0xc1, 0x01, 0x00, 0x10,
  0xc1, 0x01, 0x00, 0x10, 0xef, 0xf3, 0x05, 0x80, 0x10, 0x38, 0x00, 0xbe,
  0x00, 0xbe, 0x00, 0xbe, 0x00, 0xbe, 0x00, 0xbe, 0x00, 0xbe, 0x00, 0xbe,
  0xf2, 0xeb, 0x88, 0x71, 0xf8, 0x6a, 0x00, 0x10, 0x1c, 0x6b, 0x00, 0x10,
  0x38, 0x02, 0x00, 0x10, 0x90, 0xa3, 0x1a, 0xe7, 0x1e, 0x48, 0x1f, 0x49,
  0x08, 0x60, 0x06, 0xc8, 0x81, 0xf3, 0x08, 0x88, 0x10, 0x47, 0x1d, 0x48,
  0x00, 0x68, 0x00, 0x28, 0x01, 0xd0, 0x19, 0x48, 0xf3, 0xe7, 0x0d, 0xa4,
  0x0e, 0xcc, 0x00, 0x29, 0x02, 0xd0, 0x00, 0xf0, 0x12, 0xf8, 0xf9, 0xe7,
  0x17, 0x49, 0x18, 0x4a, 0x00, 0x20, 0x00, 0xe0, 0x01, 0xc1, 0x91, 0x42,
  0xfc, 0xd1, 0x16, 0x49, 0x88, 0x47, 0x16, 0x49, 0x88, 0x47, 0x16, 0x49,
  0x88, 0x47, 0x00, 0xbe, 0xfd, 0xe7, 0x01, 0xc9, 0x01, 0xc2, 0x9a, 0x42,
  0xfb, 0xd3, 0x70, 0x47, 0x1c, 0x6b, 0x00, 0x10, 0xc0, 0x00, 0x00, 0x20,
  0x20, 0x06, 0x00, 0x20, 0x7c, 0x70, 0x00, 0x10, 0x00, 0x00, 0x04, 0x20,
  0x00, 0x00, 0x04, 0x20, 0x7c, 0x70, 0x00, 0x10, 0x00, 0x10, 0x04, 0x20,
  0x00, 0x10, 0x04, 0x20, 0x00, 0x00, 0x00, 0x00, 0x70, 0x47, 0x00, 0x00,
  0x00, 0x00, 0x00, 0x00, 0x08, 0xed, 0x00, 0xe0, 0x00, 0x00, 0x00, 0xd0,
  0x20, 0x06, 0x00, 0x20, 0x2c, 0x13, 0x00, 0x20, 0xf9, 0x26, 0x00, 0x10,
  0x25, 0x09, 0x00, 0x10, 0xf1, 0x26, 0x00, 0x10, 0xf8, 0xb5, 0xc0, 0x46,
  0x06, 0x48, 0x07, 0x49, 0x09, 0x1a, 0x8b, 0x10, 0xc9, 0x0f, 0xc9, 0x18,
  0x10, 0xb5, 0x49, 0x10, 0x03, 0xd0, 0x04, 0x4b, 0x00, 0x2b, 0x00, 0xd0,
  0x98, 0x47, 0x10, 0xbd, 0x20, 0x06, 0x00, 0x20, 0x20, 0x06, 0x00, 0x20,
  0x00, 0x00, 0x00, 0x00, 0x05, 0x4b, 0x10, 0xb5, 0x00, 0x2b, 0x03, 0xd0,
  0x04, 0x49, 0x05, 0x48, 0x00, 0xe0, 0x00, 0xbf, 0xff, 0xf7, 0xe2, 0xff,
  0x10, 0xbd, 0xc0, 0x46, 0x00, 0x00, 0x00, 0x00, 0xec, 0x12, 0x00, 0x20,
  0xdc, 0x64, 0x00, 0x10, 0x10, 0xb5, 0x01, 0xf0, 0x51, 0xfb, 0x10, 0xbd,
  0x00, 0xb5, 0x03, 0x00, 0x83, 0xb0, 0x00, 0x29, 0x10, 0xd0, 0x00, 0x20,
  0x01, 0x2b, 0x07, 0xd8, 0x0a, 0x78, 0x00, 0x2a, 0x04, 0xd0, 0x0b, 0x48,
  0xc2, 0x54, 0x01, 0x20, 0x02, 0x2a, 0x01, 0xd0, 0x03, 0xb0, 0x00, 0xbd,
  0x18, 0x00, 0x03, 0xf0, 0x93, 0xff, 0xf9, 0xe7, 0x02, 0x23, 0x01, 0xa9,
  0x00, 0x20, 0x0b, 0x80, 0x03, 0xf0, 0x8c, 0xff, 0x00, 0x28, 0xf1, 0xd0,
  0x02, 0x22, 0x01, 0x4b, 0x1a, 0x70, 0xed, 0xe7, 0xfc, 0x0b, 0x00, 0x20,
  0x03, 0x78, 0x70, 0xb5, 0xdb, 0x07, 0x04, 0x00, 0x0e, 0x00, 0xdd, 0x0f,
  0x00, 0x2b, 0x17, 0xd1, 0x03, 0x78, 0x5b, 0x07, 0x01, 0xd5, 0x28, 0x00,
  0x70, 0xbd, 0x01, 0x21, 0x30, 0x00, 0x49, 0x42, 0x06, 0xf0, 0x90, 0xf8,
  0x23, 0x78, 0xdb, 0x07, 0xdd, 0x0f, 0x00, 0x2b, 0x0a, 0xd1, 0x23, 0x78,
  0x5b, 0x07, 0x08, 0xd4, 0x04, 0x22, 0x23, 0x78, 0x01, 0x25, 0x13, 0x43,
  0x23, 0x70, 0x02, 0xe0, 0x00, 0x25, 0xe8, 0xe7, 0x00, 0x25, 0x30, 0x00,
  0x06, 0xf0, 0x6c, 0xf8, 0xe3, 0xe7, 0xc0, 0x46, 0x70, 0xb5, 0x0c, 0x00,
  0x01, 0x21, 0x06, 0x00, 0x49, 0x42, 0x20, 0x00, 0x06, 0xf0, 0x72, 0xf8,
  0x33, 0x78, 0x5b, 0x07, 0xdd, 0x0f, 0x00, 0x2b, 0x04, 0xdb, 0x20, 0x00,
  0x06, 0xf0, 0x5a, 0xf8, 0x28, 0x00, 0x70, 0xbd, 0x33, 0x78, 0xdb, 0x07,
  0x04, 0xd4, 0x04, 0x22, 0x33, 0x78, 0x93, 0x43, 0x33, 0x70, 0xf2, 0xe7,
  0x00, 0x25, 0xf0, 0xe7, 0x43, 0x79, 0x02, 0x79, 0x1b, 0x02, 0x13, 0x43,
  0xc2, 0x78, 0x5b, 0x05, 0x92, 0x07, 0x5b, 0x0d, 0x92, 0x0f, 0x02, 0x2a,
  0x1d, 0xd0, 0x03, 0x2a, 0x0c, 0xd0, 0x00, 0x20, 0x01, 0x2a, 0x08, 0xd1,
  0x02, 0x39, 0x4a, 0x42, 0x51, 0x41, 0x12, 0x4a, 0x94, 0x46, 0x61, 0x44,
  0x99, 0x42, 0x40, 0x41, 0xc0, 0xb2, 0x70, 0x47, 0x02, 0x39, 0x4a, 0x1e,
  0x91, 0x41, 0x0e, 0x4a, 0x49, 0x42, 0x11, 0x40, 0x80, 0x22, 0xd2, 0x00,
  0x94, 0x46, 0x00, 0x20, 0x61, 0x44, 0x99, 0x42, 0x40, 0x41, 0xc0, 0xb2,
  0xef, 0xe7, 0x02, 0x29, 0x05, 0xd0, 0x00, 0x20, 0x40, 0x22, 0x9a, 0x42,
  0x40, 0x41, 0xc0, 0xb2, 0xe7, 0xe7, 0x05, 0x4a, 0x98, 0x18, 0x43, 0x42,
  0x58, 0x41, 0xc0, 0xb2, 0xe1, 0xe7, 0xc0, 0x46, 0xff, 0x03, 0x00, 0x00,
  0x40, 0xfc, 0xff, 0xff, 0x00, 0xfe, 0xff, 0xff, 0x8a, 0x18, 0x70, 0xb5,
  0x91, 0x42, 0x07, 0xd2, 0x7f, 0x26, 0x4c, 0x78, 0x05, 0x2c, 0x04, 0xd0,
  0x0c, 0x78, 0x09, 0x19, 0x8a, 0x42, 0xf8, 0xd8, 0x70, 0xbd, 0x34, 0x00,
  0x8d, 0x78, 0x2c, 0x40, 0x64, 0x00, 0x04, 0x19, 0xed, 0x09, 0x63, 0x55,
  0x0c, 0x78, 0x09, 0x19, 0x8a, 0x42, 0xec, 0xd8, 0xf2, 0xe7, 0xc0, 0x46,
  0x70, 0xb5, 0x4d, 0x1e, 0x03, 0x00, 0xed, 0xb2, 0x00, 0x29, 0x1e, 0xd0,
  0x01, 0x78, 0x00, 0x20, 0x0e, 0x00, 0x30, 0x18, 0x80, 0xb2, 0x5b, 0x18,
  0x90, 0x42, 0x05, 0xd3, 0x0f, 0xe0, 0x08, 0x18, 0x80, 0xb2, 0x5b, 0x18,
  0x82, 0x42, 0x0a, 0xd9, 0x19, 0x78, 0x00, 0x29, 0x07, 0xd0, 0x5c, 0x78,
  0x0b, 0x2c, 0x0b, 0xd0, 0x04, 0x2c, 0xf2, 0xd1, 0xdc, 0x78, 0x00, 0x2c,
  0xef, 0xd1, 0x01, 0x3d, 0xed, 0xb2, 0xff, 0x2d, 0x02, 0xd0, 0x19, 0x78,
  0xe3, 0xe7, 0x00, 0x20, 0x70, 0xbd, 0xc0, 0x46, 0x00, 0xb5, 0x00, 0x21,
  0x83, 0xb0, 0x00, 0x20, 0xff, 0xf7, 0x12, 0xff, 0x02, 0x23, 0x01, 0xa9,
  0x00, 0x20, 0x0b, 0x80, 0x03, 0xf0, 0xb4, 0xfe, 0x01, 0x20, 0x00, 0x21,
  0x40, 0x42, 0x04, 0xf0, 0x83, 0xf8, 0xf9, 0xe7, 0x70, 0xb5, 0x04, 0x00,
  0x0d, 0x00, 0x05, 0xf0, 0xd1, 0xfc, 0x01, 0x28, 0x00, 0xd0, 0x70, 0xbd,
  0x29, 0x00, 0x20, 0x00, 0x05, 0xf0, 0xe0, 0xfc, 0xf9, 0xe7, 0xc0, 0x46,
  0xff, 0x22, 0x0a, 0x4b, 0x1a, 0x70, 0x5a, 0x70, 0x9a, 0x70, 0xda, 0x70,
  0x1a, 0x71, 0x5a, 0x71, 0x9a, 0x71, 0xda, 0x71, 0x1a, 0x72, 0x5a, 0x72,
  0x9a, 0x72, 0xda, 0x72, 0x1a, 0x73, 0x5a, 0x73, 0x9a, 0x73, 0xda, 0x73,
  0x00, 0x22, 0x02, 0x4b, 0x1a, 0x70, 0x70, 0x47, 0xd8, 0x12, 0x00, 0x20,
  0x29, 0x13, 0x00, 0x20, 0xf0, 0xb5, 0xc6, 0x46, 0x00, 0xb5, 0x06, 0x00,
  0x0f, 0x00, 0x90, 0x46, 0x84, 0xb0, 0x07, 0x2b, 0x07, 0xd8, 0x39, 0x00,
  0x30, 0x00, 0x05, 0xf0, 0xb7, 0xfc, 0x04, 0xb0, 0x80, 0xbc, 0xb8, 0x46,
  0xf0, 0xbd, 0x6d, 0x46, 0x10, 0x22, 0xff, 0x21, 0x28, 0x00, 0x02, 0xf0,
  0xa3, 0xf8, 0x43, 0x46, 0x22, 0x22, 0x1b, 0x78, 0x1a, 0x42, 0x01, 0xd0,
  0xdc, 0x32, 0xaa, 0x71, 0x11, 0x22, 0x1a, 0x42, 0x03, 0xd0, 0x02, 0x21,
  0xaa, 0x79, 0x8a, 0x43, 0xaa, 0x71, 0x04, 0x22, 0x1a, 0x42, 0x02, 0xd0,
  0xa9, 0x79, 0x91, 0x43, 0xa9, 0x71, 0x5b, 0x06, 0x20, 0xd4, 0x43, 0x46,
  0x42, 0x46, 0xd0, 0x49, 0x9c, 0x1c, 0x08, 0x32, 0x23, 0x78, 0x01, 0x2b,
  0x0a, 0xd9, 0x04, 0x3b, 0xdb, 0xb2, 0xe2, 0x2b, 0x06, 0xd8, 0x9b, 0x00,
  0xcb, 0x58, 0x9f, 0x46, 0x01, 0x20, 0x2b, 0x78, 0x83, 0x43, 0x2b, 0x70,
  0x01, 0x34, 0xa2, 0x42, 0xee, 0xd1, 0xbf, 0xf3, 0x5f, 0x8f, 0xc6, 0x4b,
  0x13, 0xcd, 0x13, 0xc3, 0x1a, 0x00, 0x2b, 0x68, 0x13, 0x60, 0xbf, 0xf3,
  0x5f, 0x8f, 0xba, 0xe7, 0x10, 0x22, 0xab, 0x79, 0x93, 0x43, 0xab, 0x71,
  0xd9, 0xe7, 0x01, 0x20, 0xab, 0x79, 0x83, 0x43, 0xab, 0x71, 0xe7, 0xe7,
  0x7f, 0x23, 0xe8, 0x79, 0x03, 0x40, 0xeb, 0x71, 0xe2, 0xe7, 0x02, 0x20,
  0xab, 0x79, 0x83, 0x43, 0xab, 0x71, 0xdd, 0xe7, 0x40, 0x20, 0xab, 0x78,
  0x83, 0x43, 0xab, 0x70, 0xd8, 0xe7, 0x08, 0x20, 0xeb, 0x79, 0x83, 0x43,
  0xeb, 0x71, 0xd3, 0xe7, 0x04, 0x20, 0xeb, 0x79, 0x83, 0x43, 0xeb, 0x71,
  0xce, 0xe7, 0x08, 0x20, 0xeb, 0x78, 0x83, 0x43, 0xeb, 0x70, 0xc9, 0xe7,
  0x10, 0x20, 0xeb, 0x78, 0x83, 0x43, 0xeb, 0x70, 0xc4, 0xe7, 0x20, 0x20,
  0xeb, 0x78, 0x83, 0x43, 0xeb, 0x70, 0xbf, 0xe7, 0x40, 0x20, 0xeb, 0x78,
  0x83, 0x43, 0xeb, 0x70, 0xba, 0xe7, 0x7f, 0x23, 0xe8, 0x78, 0x03, 0x40,
  0xeb, 0x70, 0xb5, 0xe7, 0x01, 0x20, 0x2b, 0x79, 0x83, 0x43, 0x2b, 0x71,
  0xb0, 0xe7, 0x02, 0x20, 0x2b, 0x79, 0x83, 0x43, 0x2b, 0x71, 0xab, 0xe7,
  0x04, 0x20, 0x2b, 0x79, 0x83, 0x43, 0x2b, 0x71, 0xa6, 0xe7, 0x08, 0x20,
  0x2b, 0x79, 0x83, 0x43, 0x2b, 0x71, 0xa1, 0xe7, 0x10, 0x20, 0x2b, 0x79,
  0x83, 0x43, 0x2b, 0x71, 0x9c, 0xe7, 0x20, 0x20, 0x2b, 0x79, 0x83, 0x43,
  0x2b, 0x71, 0x97, 0xe7, 0x40, 0x20, 0x2b, 0x79, 0x83, 0x43, 0x2b, 0x71,
  0x92, 0xe7, 0x7f, 0x23, 0x28, 0x79, 0x03, 0x40, 0x2b, 0x71, 0x8d, 0xe7,
  0x01, 0x20, 0x6b, 0x79, 0x83, 0x43, 0x6b, 0x71, 0x88, 0xe7, 0x02, 0x20,
  0x6b, 0x79, 0x83, 0x43, 0x6b, 0x71, 0x83, 0xe7, 0x04, 0x20, 0x6b, 0x79,
  0x83, 0x43, 0x6b, 0x71, 0x7e, 0xe7, 0x7f, 0x23, 0xa8, 0x78, 0x03, 0x40,
  0xab, 0x70, 0x79, 0xe7, 0x01, 0x20, 0xeb, 0x78, 0x83, 0x43, 0xeb, 0x70,
  0x74, 0xe7, 0x02, 0x20, 0xeb, 0x78, 0x83, 0x43, 0xeb, 0x70, 0x6f, 0xe7,
  0x04, 0x20, 0xeb, 0x78, 0x83, 0x43, 0xeb, 0x70, 0x6a, 0xe7, 0x04, 0x20,
  0xab, 0x7a, 0x83, 0x43, 0xab, 0x72, 0x65, 0xe7, 0x08, 0x20, 0xab, 0x7a,
  0x83, 0x43, 0xab, 0x72, 0x60, 0xe7, 0x10, 0x20, 0xab, 0x7a, 0x83, 0x43,
  0xab, 0x72, 0x5b, 0xe7, 0x20, 0x20, 0xeb, 0x79, 0x83, 0x43, 0xeb, 0x71,
  0x56, 0xe7, 0x20, 0x20, 0xab, 0x7a, 0x83, 0x43, 0xab, 0x72, 0x51, 0xe7,
  0x02, 0x20, 0x6b, 0x7a, 0x83, 0x43, 0x6b, 0x72, 0x4c, 0xe7, 0x10, 0x20,
  0x6b, 0x7a, 0x83, 0x43, 0x6b, 0x72, 0x47, 0xe7, 0x20, 0x20, 0x6b, 0x7a,
  0x83, 0x43, 0x6b, 0x72, 0x42, 0xe7, 0x40, 0x20, 0x6b, 0x7a, 0x83, 0x43,
  0x6b, 0x72, 0x3d, 0xe7, 0x7f, 0x23, 0x68, 0x7a, 0x03, 0x40, 0x6b, 0x72,
  0x38, 0xe7, 0x01, 0x20, 0xab, 0x7a, 0x83, 0x43, 0xab, 0x72, 0x33, 0xe7,
  0x02, 0x20, 0xab, 0x7a, 0x83, 0x43, 0xab, 0x72, 0x2e, 0xe7, 0x10, 0x20,
  0x6b, 0x78, 0x83, 0x43, 0x6b, 0x70, 0x29, 0xe7, 0x02, 0x20, 0xab, 0x78,
  0x83, 0x43, 0xab, 0x70, 0x24, 0xe7, 0x7f, 0x23, 0x68, 0x78, 0x03, 0x40,
  0x6b, 0x70, 0x1f, 0xe7, 0x7f, 0x23, 0x28, 0x78, 0x03, 0x40, 0x2b, 0x70,
  0x1a, 0xe7, 0x01, 0x20, 0x6b, 0x78, 0x83, 0x43, 0x6b, 0x70, 0x15, 0xe7,
  0x02, 0x20, 0x6b, 0x78, 0x83, 0x43, 0x6b, 0x70, 0x10, 0xe7, 0x08, 0x20,
  0x6b, 0x7a, 0x83, 0x43, 0x6b, 0x72, 0x0b, 0xe7, 0x7f, 0x23, 0xa8, 0x7a,
  0x03, 0x40, 0xab, 0x72, 0x06, 0xe7, 0x04, 0x20, 0xab, 0x79, 0x83, 0x43,
  0xab, 0x71, 0x01, 0xe7, 0x10, 0x20, 0xab, 0x79, 0x83, 0x43, 0xab, 0x71,
  0xfc, 0xe6, 0x10, 0x20, 0x2b, 0x7a, 0x83, 0x43, 0x2b, 0x72, 0xf7, 0xe6,
  0x40, 0x20, 0x2b, 0x7a, 0x83, 0x43, 0x2b, 0x72, 0xf2, 0xe6, 0x20, 0x20,
  0x2b, 0x7a, 0x83, 0x43, 0x2b, 0x72, 0xed, 0xe6, 0x04, 0x20, 0x6b, 0x7a,
  0x83, 0x43, 0x6b, 0x72, 0xe8, 0xe6, 0x01, 0x20, 0x6b, 0x7a, 0x83, 0x43,
  0x6b, 0x72, 0xe3, 0xe6, 0x08, 0x20, 0x6b, 0x79, 0x83, 0x43, 0x6b, 0x71,
  0xde, 0xe6, 0x10, 0x20, 0x6b, 0x79, 0x83, 0x43, 0x6b, 0x71, 0xd9, 0xe6,
  0x20, 0x20, 0x6b, 0x79, 0x83, 0x43, 0x6b, 0x71, 0xd4, 0xe6, 0x40, 0x20,
  0x6b, 0x79, 0x83, 0x43, 0x6b, 0x71, 0xcf, 0xe6, 0x7f, 0x23, 0x68, 0x79,
  0x03, 0x40, 0x6b, 0x71, 0xca, 0xe6, 0x02, 0x20, 0x2b, 0x78, 0x83, 0x43,
  0x2b, 0x70, 0xc5, 0xe6, 0x04, 0x20, 0x2b, 0x78, 0x83, 0x43, 0x2b, 0x70,
  0xc0, 0xe6, 0x08, 0x20, 0x2b, 0x78, 0x83, 0x43, 0x2b, 0x70, 0xbb, 0xe6,
  0x10, 0x20, 0x2b, 0x78, 0x83, 0x43, 0x2b, 0x70, 0xb6, 0xe6, 0x20, 0x20,
  0x2b, 0x78, 0x83, 0x43, 0x2b, 0x70, 0xb1, 0xe6, 0x40, 0x20, 0x2b, 0x78,
  0x83, 0x43, 0x2b, 0x70, 0xac, 0xe6, 0x01, 0x20, 0xab, 0x78, 0x83, 0x43,
  0xab, 0x70, 0xa7, 0xe6, 0x04, 0x20, 0xab, 0x78, 0x83, 0x43, 0xab, 0x70,
  0xa2, 0xe6, 0x08, 0x20, 0xab, 0x78, 0x83, 0x43, 0xab, 0x70, 0x9d, 0xe6,
  0x10, 0x20, 0xab, 0x78, 0x83, 0x43, 0xab, 0x70, 0x98, 0xe6, 0x08, 0x20,
  0xab, 0x79, 0x83, 0x43, 0xab, 0x71, 0x93, 0xe6, 0x20, 0x20, 0xab, 0x79,
  0x83, 0x43, 0xab, 0x71, 0x8e, 0xe6, 0x40, 0x20, 0xab, 0x79, 0x83, 0x43,
  0xab, 0x71, 0x89, 0xe6, 0x7f, 0x23, 0xa8, 0x79, 0x03, 0x40, 0xab, 0x71,
  0x84, 0xe6, 0x01, 0x20, 0xeb, 0x79, 0x83, 0x43, 0xeb, 0x71, 0x7f, 0xe6,
  0x02, 0x20, 0xeb, 0x79, 0x83, 0x43, 0xeb, 0x71, 0x7a, 0xe6, 0x04, 0x20,
  0x2b, 0x7a, 0x83, 0x43, 0x2b, 0x72, 0x75, 0xe6, 0x02, 0x20, 0x2b, 0x7a,
  0x83, 0x43, 0x2b, 0x72, 0x70, 0xe6, 0xc0, 0x46, 0xdc, 0x64, 0x00, 0x10,
  0xd8, 0x12, 0x00, 0x20, 0x10, 0x20, 0xeb, 0x79, 0x83, 0x43, 0xeb, 0x71,
  0x66, 0xe6, 0x08, 0x20, 0x2b, 0x7a, 0x83, 0x43, 0x2b, 0x72, 0x61, 0xe6,
  0x40, 0x20, 0xeb, 0x79, 0x83, 0x43, 0xeb, 0x71, 0x5c, 0xe6, 0x7f, 0x23,
  0x28, 0x7a, 0x03, 0x40, 0x2b, 0x72, 0x57, 0xe6, 0x01, 0x20, 0x2b, 0x7a,
  0x83, 0x43, 0x2b, 0x72, 0x52, 0xe6, 0x04, 0x20, 0x6b, 0x78, 0x83, 0x43,
  0x6b, 0x70, 0x4d, 0xe6, 0x08, 0x20, 0x6b, 0x78, 0x83, 0x43, 0x6b, 0x70,
  0x48, 0xe6, 0x20, 0x20, 0x6b, 0x78, 0x83, 0x43, 0x6b, 0x70, 0x43, 0xe6,
  0x40, 0x20, 0x6b, 0x78, 0x83, 0x43, 0x6b, 0x70, 0x3e, 0xe6, 0xc0, 0x46,
  0xf0, 0xb5, 0xce, 0x46, 0x47, 0x46, 0x80, 0xb5, 0x8f, 0xb0, 0x83, 0x48,
  0x0a, 0xab, 0x06, 0xaa, 0x02, 0xa9, 0x01, 0xf0, 0xb5, 0xfa, 0x00, 0x28,
  0x03, 0xd1, 0x80, 0x48, 0x7e, 0x49, 0x00, 0xf0, 0x57, 0xf9, 0x0a, 0x9a,
  0x06, 0x99, 0x02, 0x98, 0x01, 0xf0, 0xce, 0xf9, 0xff, 0x22, 0x00, 0x24,
  0xd0, 0x25, 0x01, 0x26, 0x7a, 0x4b, 0x2d, 0x06, 0x1a, 0x70, 0x5a, 0x70,
  0x9a, 0x70, 0xda, 0x70, 0x1a, 0x71, 0x5a, 0x71, 0x9a, 0x71, 0xda, 0x71,
  0x1a, 0x72, 0x5a, 0x72, 0x9a, 0x72, 0xda, 0x72, 0x1a, 0x73, 0x5a, 0x73,
  0x9a, 0x73, 0xda, 0x73, 0x72, 0x4b, 0x1c, 0x70, 0x20, 0x00, 0x00, 0xf0,
  0x17, 0xf9, 0x33, 0x00, 0xa3, 0x40, 0x01, 0x34, 0xab, 0x62, 0x10, 0x2c,
  0xf6, 0xd1, 0xd0, 0x25, 0x01, 0x26, 0x2d, 0x06, 0x20, 0x00, 0x00, 0xf0,
  0x0b, 0xf9, 0x33, 0x00, 0xa3, 0x40, 0x01, 0x34, 0xab, 0x62, 0x18, 0x2c,
  0xf6, 0xd1, 0x18, 0x20, 0x00, 0xf0, 0x02, 0xf9, 0x80, 0x23, 0x5b, 0x04,
  0xab, 0x62, 0x19, 0x20, 0x00, 0xf0, 0xfc, 0xf8, 0x80, 0x23, 0x9b, 0x04,
  0xab, 0x62, 0x1a, 0x20, 0x00, 0xf0, 0xf6, 0xf8, 0x80, 0x23, 0xdb, 0x04,
  0xab, 0x62, 0x1b, 0x20, 0x00, 0xf0, 0xf0, 0xf8, 0x80, 0x23, 0x1b, 0x05,
  0xab, 0x62, 0x1d, 0x20, 0x00, 0xf0, 0xea, 0xf8, 0x80, 0x23, 0x9b, 0x05,
  0xab, 0x62, 0x1c, 0x20, 0x00, 0xf0, 0xe4, 0xf8, 0x80, 0x23, 0x5b, 0x05,
  0x6b, 0x62, 0x6b, 0x61, 0x55, 0x4d, 0x56, 0x49, 0x28, 0x00, 0x98, 0x46,
  0x02, 0xf0, 0x44, 0xf8, 0x54, 0x49, 0x81, 0x46, 0x28, 0x00, 0x02, 0xf0,
  0x3f, 0xf8, 0x80, 0x22, 0x2b, 0x68, 0x12, 0x06, 0xb3, 0x43, 0x2b, 0x60,
  0x50, 0x4b, 0x08, 0x3c, 0x1a, 0x60, 0x1a, 0x60, 0x4f, 0x4b, 0x4a, 0x46,
  0x1c, 0x60, 0x80, 0x23, 0x5b, 0x02, 0x02, 0x93, 0x84, 0x23, 0x5b, 0x04,
  0x04, 0x93, 0x4c, 0x4b, 0xd2, 0x01, 0x05, 0x93, 0x4b, 0x46, 0x0c, 0x33,
  0x1b, 0x03, 0x13, 0x43, 0x49, 0x4a, 0x00, 0x21, 0x13, 0x40, 0xb0, 0x22,
  0xd2, 0x05, 0x13, 0x43, 0x03, 0x93, 0x4a, 0x46, 0x02, 0xab, 0x07, 0x00,
  0x28, 0x00, 0x02, 0xf0, 0x49, 0xf9, 0x43, 0x46, 0x42, 0x46, 0x00, 0x21,
  0x28, 0x00, 0x02, 0xf0, 0x95, 0xf8, 0x07, 0x21, 0x1c, 0x20, 0x00, 0xf0,
  0x8b, 0xf8, 0x01, 0x23, 0x1c, 0x22, 0x00, 0x21, 0x28, 0x00, 0x00, 0x96,
  0x02, 0xf0, 0xde, 0xf8, 0x20, 0x00, 0x07, 0x21, 0x01, 0x34, 0x00, 0xf0,
  0x7f, 0xf8, 0x18, 0x2c, 0xf8, 0xd1, 0x00, 0x26, 0x30, 0x4c, 0x08, 0x23,
  0x10, 0x22, 0x31, 0x00, 0x20, 0x00, 0x00, 0x96, 0x02, 0xf0, 0xce, 0xf8,
  0x02, 0x22, 0x23, 0x68, 0x90, 0x46, 0x93, 0x43, 0x80, 0x22, 0x23, 0x60,
  0x30, 0x4b, 0x12, 0x06, 0x1a, 0x60, 0x1a, 0x60, 0x20, 0x22, 0x2b, 0x4b,
  0x06, 0xa9, 0x1a, 0x60, 0x80, 0x22, 0xf8, 0x23, 0x52, 0x02, 0x5b, 0x02,
  0x06, 0x92, 0x07, 0x93, 0xc0, 0x23, 0x10, 0x22, 0x1b, 0x03, 0x0a, 0xa8,
  0x7d, 0x1d, 0x08, 0x93, 0x09, 0x96, 0x2d, 0x03, 0x01, 0xf0, 0xe6, 0xfd,
  0xfb, 0x01, 0x1d, 0x43, 0x10, 0x22, 0x0a, 0xa9, 0x06, 0xa8, 0x0b, 0x95,
  0x01, 0xf0, 0xde, 0xfd, 0x21, 0x4b, 0x3a, 0x00, 0x08, 0x93, 0x21, 0x4b,
  0x01, 0x21, 0x1d, 0x40, 0xc8, 0x23, 0x5b, 0x05, 0x2b, 0x43, 0x01, 0x25,
  0x07, 0x93, 0x20, 0x00, 0x06, 0xab, 0x02, 0xf0, 0xf3, 0xf8, 0x42, 0x46,
  0x23, 0x68, 0x09, 0x20, 0xab, 0x43, 0x2b, 0x43, 0x23, 0x60, 0x23, 0x68,
  0x18, 0x49, 0x93, 0x43, 0x13, 0x43, 0x23, 0x60, 0x17, 0x4b, 0x1d, 0x60,
  0x1a, 0x60, 0x00, 0xf0, 0x63, 0xf9, 0x31, 0x00, 0x09, 0x20, 0x00, 0xf0,
  0x6d, 0xfb, 0x09, 0x20, 0x29, 0x00, 0x00, 0xf0, 0x3d, 0xf9, 0x12, 0x48,
  0x01, 0xf0, 0x7c, 0xff, 0x30, 0xbf, 0xfd, 0xe7, 0x90, 0xd0, 0x03, 0x00,
  0x68, 0x68, 0x00, 0x10, 0xd8, 0x12, 0x00, 0x20, 0x29, 0x13, 0x00, 0x20,
  0x00, 0x00, 0x30, 0x50, 0xf0, 0x69, 0x00, 0x10, 0xdc, 0x69, 0x00, 0x10,
  0xd0, 0x10, 0x30, 0x50, 0x00, 0x20, 0x30, 0x50, 0x10, 0x70, 0x80, 0x40,
  0xff, 0xff, 0xff, 0x80, 0xe8, 0x10, 0x30, 0x50, 0x00, 0x00, 0x08, 0x80,
  0xff, 0xff, 0xff, 0xe0, 0xc1, 0x00, 0x00, 0x20, 0x2c, 0x21, 0x30, 0x50,
  0xad, 0x04, 0x00, 0x10, 0x09, 0x4a, 0x83, 0x00, 0x9a, 0x18, 0x10, 0xb5,
  0x14, 0x68, 0x40, 0x22, 0x54, 0x40, 0x80, 0x32, 0x22, 0x40, 0x06, 0x4c,
  0xc0, 0x00, 0xa4, 0x46, 0x63, 0x44, 0x1a, 0x60, 0x04, 0x4b, 0x9c, 0x46,
  0x60, 0x44, 0x41, 0x60, 0x10, 0xbd, 0xc0, 0x46, 0x04, 0xc0, 0x01, 0x40,
  0x04, 0xd0, 0x01, 0x40, 0x00, 0x40, 0x01, 0x40, 0x01, 0x23, 0xd0, 0x22,
  0x83, 0x40, 0x12, 0x06, 0x93, 0x62, 0x93, 0x61, 0x09, 0x4a, 0x83, 0x00,
  0x9a, 0x18, 0x11, 0x68, 0x40, 0x22, 0x51, 0x40, 0x80, 0x32, 0x0a, 0x40,
  0x06, 0x49, 0xc0, 0x00, 0x8c, 0x46, 0x63, 0x44, 0x1a, 0x60, 0x05, 0x4b,
  0x9c, 0x46, 0x05, 0x23, 0x60, 0x44, 0x43, 0x60, 0x70, 0x47, 0xc0, 0x46,
  0x04, 0xc0, 0x01, 0x40, 0x04, 0xd0, 0x01, 0x40, 0x00, 0x40, 0x01, 0x40,
  0x0f, 0xb4, 0x00, 0xb5, 0x08, 0x48, 0x83, 0xb0, 0x01, 0xf0, 0xb0, 0xfe,
  0x04, 0x9b, 0x00, 0x2b, 0x07, 0xd0, 0x05, 0xa9, 0x18, 0x00, 0x01, 0x91,
  0x01, 0xf0, 0x56, 0xfd, 0x03, 0x48, 0x01, 0xf0, 0xa5, 0xfe, 0x01, 0x20,
  0x01, 0xf0, 0x68, 0xfd, 0x9c, 0x68, 0x00, 0x10, 0xac, 0x68, 0x00, 0x10,
  0xef, 0xf3, 0x10, 0x80, 0x72, 0xb6, 0x03, 0x4a, 0x13, 0x68, 0x00, 0x2b,
  0xfc, 0xd0, 0xbf, 0xf3, 0x5f, 0x8f, 0x70, 0x47, 0x2c, 0x01, 0x00, 0xd0,
  0xbf, 0xf3, 0x5f, 0x8f, 0x00, 0x22, 0x02, 0x4b, 0x1a, 0x60, 0x80, 0xf3,
  0x10, 0x88, 0x70, 0x47, 0x2c, 0x01, 0x00, 0xd0, 0x70, 0xb5, 0xef, 0xf3,
  0x10, 0x8c, 0x72, 0xb6, 0x0d, 0x4d, 0x2b, 0x68, 0x00, 0x2b, 0xfc, 0xd0,
  0xbf, 0xf3, 0x5f, 0x8f, 0x07, 0x24, 0xcb, 0x08, 0xc6, 0x18, 0xc0, 0x5c,
  0x01, 0x23, 0x0c, 0x40, 0xa3, 0x40, 0x1c, 0x00, 0x04, 0x40, 0x03, 0x42,
  0x07, 0xd1, 0x18, 0x43, 0x30, 0x70, 0xbf, 0xf3, 0x5f, 0x8f, 0x2c, 0x60,
  0x8c, 0xf3, 0x10, 0x88, 0x70, 0xbd, 0x10, 0x00, 0xff, 0xf7, 0xb2, 0xff,
  0x2c, 0x01, 0x00, 0xd0, 0xf8, 0xb5, 0x47, 0x46, 0xce, 0x46, 0x88, 0x46,
  0x80, 0xb5, 0xef, 0xf3, 0x10, 0x8c, 0x72, 0xb6, 0x21, 0x4d, 0x2c, 0x68,
  0x00, 0x2c, 0xfc, 0xd0, 0xbf, 0xf3, 0x5f, 0x8f, 0x9a, 0x42, 0x2c, 0xd8,
  0xd4, 0x08, 0x07, 0x27, 0x05, 0x5d, 0x06, 0x19, 0x01, 0x24, 0x17, 0x40,
  0xbc, 0x40, 0x2c, 0x42, 0x1f, 0xd0, 0x07, 0x21, 0x01, 0x27, 0x89, 0x46,
  0x09, 0xe0, 0xd4, 0x08, 0x05, 0x5d, 0x06, 0x19, 0x4c, 0x46, 0x39, 0x00,
  0x14, 0x40, 0xa1, 0x40, 0x0c, 0x00, 0x29, 0x42, 0x11, 0xd0, 0x01, 0x32,
  0x93, 0x42, 0xf2, 0xd2, 0x01, 0x20, 0x40, 0x42, 0xbf, 0xf3, 0x5f, 0x8f,
  0x00, 0x22, 0x0e, 0x4b, 0x1a, 0x60, 0x8c, 0xf3, 0x10, 0x88, 0x00, 0x28,
  0x0f, 0xdb, 0xc0, 0xbc, 0xb9, 0x46, 0xb0, 0x46, 0xf8, 0xbd, 0x25, 0x43,
  0x10, 0x00, 0x35, 0x70, 0xee, 0xe7, 0xbf, 0xf3, 0x5f, 0x8f, 0x00, 0x23,
  0x2b, 0x60, 0x8c, 0xf3, 0x10, 0x88, 0x01, 0x20, 0x40, 0x42, 0x43, 0x46,
  0x00, 0x2b, 0xec, 0xd0, 0x08, 0x98, 0xff, 0xf7, 0x65, 0xff, 0xc0, 0x46,
  0x2c, 0x01, 0x00, 0xd0, 0x04, 0x4a, 0x10, 0x78, 0x43, 0x1c, 0xdb, 0xb2,
  0x17, 0x2b, 0x00, 0xd9, 0x10, 0x23, 0x13, 0x70, 0x70, 0x47, 0xc0, 0x46,
  0x68, 0x05, 0x00, 0x20, 0x10, 0xb5, 0x06, 0x4b, 0x06, 0x4c, 0x82, 0xb0,
  0x01, 0x00, 0x00, 0x93, 0x18, 0x22, 0x1f, 0x23, 0x20, 0x00, 0xff, 0xf7,
  0x9b, 0xff, 0x02, 0xb0, 0x10, 0xbd, 0xc0, 0x46, 0xb0, 0x68, 0x00, 0x10,
  0x90, 0x10, 0x00, 0x20, 0x00, 0x21, 0x04, 0x4b, 0x04, 0x4a, 0xbf, 0xf3,
  0x5f, 0x8f, 0x02, 0xc3, 0x93, 0x42, 0xfa, 0xd1, 0x70, 0x47, 0xc0, 0x46,
  0x00, 0x01, 0x00, 0xd0, 0x80, 0x01, 0x00, 0xd0, 0x05, 0x4b, 0x06, 0x4a,
  0x13, 0x60, 0x06, 0x4a, 0x13, 0x60, 0x53, 0x60, 0x93, 0x60, 0xd3, 0x60,
  0x13, 0x61, 0x53, 0x61, 0x93, 0x61, 0x70, 0x47, 0x80, 0x80, 0x80, 0x80,
  0x00, 0xe4, 0x00, 0xe0, 0x04, 0xe4, 0x00, 0xe0, 0x1f, 0x23, 0x18, 0x40,
  0x1e, 0x3b, 0x83, 0x40, 0x00, 0x29, 0x05, 0xd0, 0xc0, 0x21, 0x04, 0x4a,
  0x49, 0x00, 0x53, 0x50, 0x13, 0x60, 0x70, 0x47, 0x80, 0x22, 0x01, 0x49,
  0x8b, 0x50, 0xfa, 0xe7, 0x00, 0xe1, 0x00, 0xe0, 0x01, 0x22, 0x82, 0x40,
  0x03, 0x4b, 0x1b, 0x68, 0x13, 0x40, 0x5a, 0x1e, 0x93, 0x41, 0xd8, 0xb2,
  0x70, 0x47, 0xc0, 0x46, 0x00, 0xe1, 0x00, 0xe0, 0x70, 0xb5, 0x0d, 0x00,
  0xef, 0xf3, 0x10, 0x86, 0x72, 0xb6, 0x0f, 0x4a, 0x13, 0x68, 0x00, 0x2b,
  0xfc, 0xd0, 0xbf, 0xf3, 0x5f, 0x8f, 0x0d, 0x4b, 0x10, 0x30, 0x9b, 0x68,
  0x84, 0x00, 0x1b, 0x59, 0x0b, 0x4a, 0x93, 0x42, 0x03, 0xd0, 0x9d, 0x42,
  0x01, 0xd0, 0x01, 0xf0, 0x03, 0xfa, 0x07, 0x4b, 0x9b, 0x68, 0x1d, 0x51,
  0xbf, 0xf3, 0x5f, 0x8f, 0xbf, 0xf3, 0x5f, 0x8f, 0x00, 0x22, 0x02, 0x4b,
  0x1a, 0x60, 0x86, 0xf3, 0x10, 0x88, 0x70, 0xbd, 0x24, 0x01, 0x00, 0xd0,
  0x00, 0xed, 0x00, 0xe0, 0xc1, 0x01, 0x00, 0x10, 0xf0, 0xb5, 0x57, 0x46,
  0x4e, 0x46, 0xde, 0x46, 0x45, 0x46, 0xe0, 0xb5, 0x85, 0xb0, 0x06, 0x00,
  0x00, 0x91, 0x17, 0x00, 0xef, 0xf3, 0x10, 0x8b, 0x72, 0xb6, 0x6a, 0x4a,
  0x13, 0x68, 0x00, 0x2b, 0xfc, 0xd0, 0xbf, 0xf3, 0x5f, 0x8f, 0x00, 0x25,
  0x67, 0x4b, 0x5d, 0x57, 0x9a, 0x46, 0x00, 0x2d, 0x00, 0xda, 0xa9, 0xe0,
  0x6b, 0x00, 0x65, 0x4c, 0x01, 0x93, 0x5b, 0x19, 0x9b, 0x00, 0x98, 0x46,
  0xa1, 0x46, 0xc1, 0x44, 0x4b, 0x46, 0x52, 0x46, 0x9b, 0x79, 0x10, 0x36,
  0x13, 0x70, 0x60, 0x4b, 0xb6, 0x00, 0x9b, 0x68, 0x99, 0x59, 0x0b, 0x1b,
  0x2f, 0x2b, 0x33, 0xd9, 0x5d, 0x4b, 0x99, 0x42, 0x00, 0xd0, 0xac, 0xe0,
  0x01, 0x9b, 0x42, 0x46, 0x9c, 0x46, 0x5b, 0x4b, 0x65, 0x44, 0xad, 0x00,
  0x63, 0x53, 0x5a, 0x4b, 0x02, 0x32, 0xa2, 0x18, 0x04, 0x3b, 0x9b, 0x1a,
  0x1b, 0x05, 0x58, 0x4a, 0x5b, 0x0d, 0x65, 0x19, 0x13, 0x43, 0x6b, 0x80,
  0x56, 0x4b, 0x01, 0x21, 0xab, 0x80, 0xff, 0x23, 0xab, 0x71, 0x00, 0x9b,
  0xef, 0x71, 0xab, 0x60, 0x4b, 0x46, 0x0b, 0x43, 0x19, 0x00, 0x4c, 0x4b,
  0x9b, 0x68, 0x99, 0x51, 0xbf, 0xf3, 0x5f, 0x8f, 0xbf, 0xf3, 0x5f, 0x8f,
  0x00, 0x22, 0x45, 0x4b, 0x1a, 0x60, 0x8b, 0xf3, 0x10, 0x88, 0x05, 0xb0,
  0xf0, 0xbc, 0xbb, 0x46, 0xb2, 0x46, 0xa9, 0x46, 0xa0, 0x46, 0xf0, 0xbd,
  0x01, 0x20, 0x0a, 0x00, 0x82, 0x43, 0xd3, 0x79, 0x8c, 0x46, 0xbb, 0x42,
  0x31, 0xd8, 0x45, 0x46, 0x13, 0x00, 0x44, 0x49, 0x1b, 0x1b, 0x5b, 0x41,
  0x59, 0x43, 0x09, 0x0d, 0x3d, 0x4b, 0x63, 0x53, 0x3d, 0x4b, 0x02, 0x35,
  0x65, 0x19, 0x04, 0x3b, 0x5b, 0x1b, 0x1b, 0x05, 0x3b, 0x4d, 0x5b, 0x0d,
  0x2b, 0x43, 0xaa, 0x46, 0x4d, 0x46, 0x6b, 0x80, 0x04, 0x25, 0xac, 0x46,
  0x55, 0x46, 0xe0, 0x44, 0x13, 0x1f, 0x44, 0x44, 0x1b, 0x1b, 0x1b, 0x05,
  0x5b, 0x0d, 0x1d, 0x43, 0x4b, 0x46, 0x99, 0x71, 0x00, 0x99, 0x9d, 0x80,
  0x99, 0x60, 0x49, 0x46, 0xdf, 0x71, 0x33, 0x4b, 0x01, 0x43, 0x13, 0x60,
  0xbb, 0xe7, 0x58, 0x00, 0xc0, 0x18, 0x80, 0x00, 0x20, 0x18, 0xc1, 0x79,
  0xb9, 0x42, 0x2f, 0xd9, 0x02, 0x00, 0x06, 0x23, 0xd3, 0x56, 0x00, 0x2b,
  0xf3, 0xda, 0x02, 0x93, 0x2b, 0x4b, 0x61, 0x46, 0x03, 0x93, 0x13, 0x1d,
  0x9a, 0x46, 0x04, 0x23, 0x5b, 0x42, 0x9c, 0x46, 0xe1, 0x44, 0x50, 0x46,
  0x4b, 0x46, 0x1b, 0x1a, 0x1b, 0x05, 0x5b, 0x0d, 0x9c, 0x46, 0x20, 0x4b,
  0x95, 0x71, 0x98, 0x46, 0x63, 0x46, 0x40, 0x46, 0x03, 0x43, 0x93, 0x80,
  0x01, 0x9b, 0x5a, 0x19, 0x92, 0x00, 0x03, 0x9b, 0xa4, 0x18, 0xa3, 0x80,
  0x02, 0x9b, 0x1c, 0x4a, 0xa3, 0x71, 0x00, 0x9b, 0x22, 0x60, 0xe7, 0x71,
  0xa3, 0x60, 0x8a, 0xe7, 0x01, 0xf0, 0x2a, 0xf9, 0x00, 0x25, 0x53, 0x46,
  0x5d, 0x57, 0x4f, 0xe7, 0x90, 0x88, 0x02, 0x93, 0x40, 0x05, 0x13, 0x1d,
  0x9a, 0x46, 0x03, 0x15, 0x61, 0x46, 0x9c, 0x46, 0x40, 0x46, 0xd4, 0x44,
  0x63, 0x46, 0x04, 0x30, 0x20, 0x18, 0x18, 0x1a, 0xe0, 0x23, 0x00, 0x05,
  0x40, 0x0d, 0x1b, 0x02, 0x18, 0x43, 0x03, 0x90, 0xc5, 0xe7, 0x01, 0xf0,
  0x0f, 0xf9, 0x4f, 0xe7, 0x24, 0x01, 0x00, 0xd0, 0x28, 0x13, 0x00, 0x20,
  0x6c, 0x05, 0x00, 0x20, 0x00, 0xed, 0x00, 0xe0, 0xc1, 0x01, 0x00, 0x10,
  0x00, 0xa1, 0xff, 0xff, 0x9c, 0x05, 0x00, 0x20, 0x00, 0xe0, 0xff, 0xff,
  0x01, 0xbd, 0xff, 0xff, 0xaa, 0xaa, 0x00, 0x00, 0x01, 0x48, 0x80, 0x47,
  0x01, 0xbd, 0x00, 0x00, 0xf0, 0xb5, 0xde, 0x46, 0x57, 0x46, 0x4e, 0x46,
  0x45, 0x46, 0xe0, 0xb5, 0x0c, 0x00, 0x83, 0xb0, 0xef, 0xf3, 0x10, 0x88,
  0x72, 0xb6, 0x63, 0x4a, 0x13, 0x68, 0x00, 0x2b, 0xfc, 0xd0, 0xbf, 0xf3,
  0x5f, 0x8f, 0x61, 0x4b, 0x61, 0x49, 0x9a, 0x68, 0x03, 0x00, 0x10, 0x33,
  0x9f, 0x00, 0xd5, 0x59, 0x00, 0x93, 0x8d, 0x42, 0x43, 0xd0, 0xa5, 0x42,
  0x54, 0xd0, 0x5d, 0x4e, 0xaa, 0x1b, 0x2f, 0x2a, 0x3d, 0xd8, 0x5c, 0x4b,
  0x9c, 0x46, 0x1b, 0x68, 0x9a, 0x46, 0x01, 0x23, 0x1a, 0x00, 0x99, 0x46,
  0x82, 0x40, 0x53, 0x46, 0x13, 0x40, 0x1f, 0x22, 0x01, 0x93, 0x4b, 0x46,
  0x02, 0x40, 0x93, 0x40, 0x9a, 0x46, 0x80, 0x22, 0x63, 0x46, 0x50, 0x46,
  0x98, 0x50, 0xbf, 0xf3, 0x5f, 0x8f, 0xef, 0xf3, 0x05, 0x83, 0x9b, 0x46,
  0x00, 0x2b, 0x37, 0xd0, 0x00, 0x9b, 0x5b, 0x45, 0x01, 0xd0, 0x01, 0xf0,
  0xb5, 0xf8, 0x2a, 0x00, 0x4b, 0x46, 0x9a, 0x43, 0x90, 0x68, 0x84, 0x42,
  0x08, 0xd1, 0x77, 0xe0, 0x4b, 0x00, 0x5b, 0x18, 0x9b, 0x00, 0xf3, 0x18,
  0x98, 0x68, 0x84, 0x42, 0x36, 0xd0, 0x1a, 0x00, 0x06, 0x21, 0x51, 0x56,
  0x00, 0x29, 0xf3, 0xda, 0x84, 0x42, 0x55, 0xd0, 0x01, 0x9b, 0x00, 0x2b,
  0x27, 0xd0, 0xc0, 0x22, 0x51, 0x46, 0x3f, 0x4b, 0x52, 0x00, 0x99, 0x50,
  0x19, 0x60, 0x3a, 0x4b, 0x9b, 0x68, 0xdd, 0x51, 0xbf, 0xf3, 0x5f, 0x8f,
  0xbf, 0xf3, 0x5f, 0x8f, 0x00, 0x22, 0x35, 0x4b, 0x1a, 0x60, 0x88, 0xf3,
  0x10, 0x88, 0x03, 0xb0, 0xf0, 0xbc, 0xbb, 0x46, 0xb2, 0x46, 0xa9, 0x46,
  0xa0, 0x46, 0xf0, 0xbd, 0x0d, 0x00, 0xea, 0xe7, 0x2a, 0x00, 0x4b, 0x46,
  0x9a, 0x43, 0x90, 0x68, 0x84, 0x42, 0xd5, 0xd1, 0x06, 0x20, 0x10, 0x56,
  0x13, 0x00, 0x00, 0x28, 0x0a, 0xda, 0x0d, 0x00, 0x32, 0xe0, 0x80, 0x23,
  0x51, 0x46, 0x2b, 0x4a, 0xd1, 0x50, 0xd8, 0xe7, 0x06, 0x20, 0x18, 0x56,
  0x00, 0x28, 0x22, 0xdb, 0x42, 0x00, 0x11, 0x18, 0x89, 0x00, 0x74, 0x18,
  0x89, 0x46, 0xa1, 0x68, 0x99, 0x60, 0xe1, 0x79, 0xd9, 0x71, 0x06, 0x21,
  0x61, 0x56, 0x99, 0x71, 0x00, 0x29, 0x25, 0xdb, 0xa4, 0x88, 0xf1, 0x1a,
  0x64, 0x05, 0x24, 0x15, 0x4c, 0x44, 0x09, 0x19, 0xe0, 0x24, 0x09, 0x05,
  0x49, 0x0d, 0x24, 0x02, 0x21, 0x43, 0x99, 0x80, 0x13, 0x18, 0x1b, 0x4a,
  0x9b, 0x00, 0x11, 0x78, 0xf3, 0x18, 0x99, 0x71, 0x10, 0x70, 0xa9, 0xe7,
  0x13, 0x00, 0x59, 0x46, 0x00, 0x29, 0x14, 0xd1, 0xff, 0x31, 0x91, 0x71,
  0x15, 0x49, 0x91, 0x80, 0x13, 0x49, 0x0a, 0x78, 0x9a, 0x71, 0x14, 0x4a,
  0x9b, 0x1b, 0x5b, 0x41, 0x5a, 0x43, 0x12, 0x0d, 0x0a, 0x70, 0x97, 0xe7,
  0x11, 0x49, 0xe2, 0xe7, 0x06, 0x20, 0x10, 0x56, 0x13, 0x00, 0x00, 0x28,
  0xc4, 0xda, 0x0f, 0x4a, 0x0f, 0x49, 0xd2, 0x1a, 0x08, 0x3a, 0x50, 0x02,
  0x40, 0x0d, 0x01, 0x43, 0x99, 0x80, 0x0d, 0x49, 0x52, 0x08, 0x0a, 0x43,
  0xda, 0x80, 0x83, 0xe7, 0x24, 0x01, 0x00, 0xd0, 0x00, 0xed, 0x00, 0xe0,
  0xc1, 0x01, 0x00, 0x10, 0x6c, 0x05, 0x00, 0x20, 0x00, 0xe1, 0x00, 0xe0,
  0x28, 0x13, 0x00, 0x20, 0x01, 0xbd, 0xff, 0xff, 0xaa, 0xaa, 0x00, 0x00,
  0x01, 0xbd, 0x00, 0x00, 0xa6, 0x05, 0x00, 0x20, 0x00, 0xf0, 0xff, 0xff,
  0x00, 0xf8, 0xff, 0xff, 0x10, 0xb5, 0x83, 0x08, 0x04, 0x00, 0x03, 0x20,
  0x20, 0x40, 0xff, 0x24, 0x05, 0x4a, 0xc0, 0x00, 0x94, 0x46, 0x84, 0x40,
  0x81, 0x40, 0x9b, 0x00, 0x63, 0x44, 0x1a, 0x68, 0xa2, 0x43, 0x0a, 0x43,
  0x1a, 0x60, 0x10, 0xbd, 0x00, 0xe4, 0x00, 0xe0, 0x70, 0xb5, 0x01, 0x24,
  0x04, 0x43, 0xef, 0xf3, 0x05, 0x81, 0xef, 0xf3, 0x10, 0x8c, 0x72, 0xb6,
  0x21, 0x4a, 0x13, 0x68, 0x00, 0x2b, 0xfc, 0xd0, 0xbf, 0xf3, 0x5f, 0x8f,
  0x1f, 0x4b, 0x05, 0x00, 0x1f, 0x4a, 0xed, 0x1a, 0x6d, 0x41, 0x6a, 0x43,
  0x12, 0x0d, 0x1e, 0x4d, 0x89, 0x00, 0xae, 0x68, 0x52, 0xb2, 0x76, 0x58,
  0xa6, 0x42, 0x1c, 0xd0, 0x06, 0x21, 0x59, 0x56, 0x91, 0x42, 0x1c, 0xd0,
  0x12, 0x21, 0x59, 0x56, 0x91, 0x42, 0x22, 0xd0, 0x1e, 0x21, 0x59, 0x56,
  0x91, 0x42, 0x20, 0xd0, 0x2a, 0x21, 0x59, 0x56, 0x03, 0x24, 0x91, 0x42,
  0x10, 0xd0, 0x13, 0x4b, 0x19, 0x78, 0x1a, 0x70, 0x81, 0x71, 0xbf, 0xf3,
  0x5f, 0x8f, 0x00, 0x22, 0x0b, 0x4b, 0x1a, 0x60, 0x8c, 0xf3, 0x10, 0x88,
  0x70, 0xbd, 0xab, 0x68, 0x0d, 0x4c, 0x5c, 0x50, 0xef, 0xe7, 0x00, 0x24,
  0x61, 0x00, 0x09, 0x19, 0x89, 0x00, 0x5b, 0x18, 0xff, 0x21, 0x99, 0x71,
  0x09, 0x49, 0x99, 0x80, 0xe5, 0xe7, 0x01, 0x24, 0xf4, 0xe7, 0x02, 0x24,
  0xf2, 0xe7, 0xc0, 0x46, 0x24, 0x01, 0x00, 0xd0, 0x6c, 0x05, 0x00, 0x20,
  0xaa, 0xaa, 0x00, 0x00, 0x00, 0xed, 0x00, 0xe0, 0x28, 0x13, 0x00, 0x20,
  0xc1, 0x01, 0x00, 0x10, 0x01, 0xbd, 0xff, 0xff, 0x02, 0x4b, 0x9c, 0x46,
  0x61, 0x44, 0x89, 0x00, 0x01, 0x60, 0x70, 0x47, 0x40, 0x00, 0x00, 0x34,
  0x70, 0xb5, 0x11, 0x4c, 0x11, 0x4d, 0xac, 0x42, 0x0f, 0xd2, 0xff, 0x26,
  0x23, 0x68, 0x00, 0x2b, 0x0c, 0xd0, 0xff, 0xf7, 0x15, 0xfd, 0x01, 0x00,
  0x20, 0x00, 0xff, 0xf7, 0xe9, 0xff, 0xa6, 0x80, 0xbf, 0xf3, 0x5f, 0x8f,
  0x08, 0x34, 0xac, 0x42, 0xf0, 0xd3, 0x70, 0xbd, 0xff, 0xf7, 0x08, 0xfd,
  0x01, 0x00, 0x20, 0x00, 0xff, 0xf7, 0xdc, 0xff, 0x26, 0x71, 0xbf, 0xf3,
  0x5f, 0x8f, 0x08, 0x34, 0xac, 0x42, 0xe3, 0xd3, 0xf1, 0xe7, 0xc0, 0x46,
  0x10, 0x06, 0x00, 0x20, 0x20, 0x06, 0x00, 0x20, 0x10, 0xb5, 0x04, 0x00,
  0xff, 0xf7, 0xf4, 0xfc, 0x01, 0x00, 0x20, 0x00, 0xff, 0xf7, 0xc8, 0xff,
  0xff, 0x23, 0x23, 0x71, 0xbf, 0xf3, 0x5f, 0x8f, 0x10, 0xbd, 0xc0, 0x46,
  0x10, 0xb5, 0x04, 0x00, 0x01, 0x20, 0xff, 0xf7, 0xf1, 0xfc, 0x03, 0x4b,
  0xc3, 0x18, 0x9b, 0x00, 0x23, 0x60, 0xbf, 0xf3, 0x5f, 0x8f, 0x10, 0xbd,
  0x40, 0x00, 0x00, 0x34, 0x0a, 0x4b, 0x19, 0x68, 0xef, 0xf3, 0x10, 0x80,
  0x72, 0xb6, 0x0a, 0x68, 0x00, 0x2a, 0xfc, 0xd0, 0xbf, 0xf3, 0x5f, 0x8f,
  0x1b, 0x68, 0xbf, 0xf3, 0x5f, 0x8f, 0x00, 0x22, 0x1a, 0x60, 0x80, 0xf3,
  0x10, 0x88, 0x40, 0xbf, 0x00, 0x20, 0x00, 0x21, 0x70, 0x47, 0xc0, 0x46,
  0x20, 0x13, 0x00, 0x20, 0xf0, 0xb5, 0xde, 0x46, 0x57, 0x46, 0x4e, 0x46,
  0x45, 0x46, 0xe0, 0xb5, 0x83, 0xb0, 0xef, 0xf3, 0x05, 0x82, 0x03, 0x23,
  0x13, 0x40, 0xb5, 0x4a, 0x99, 0x00, 0x52, 0x58, 0x00, 0x91, 0x90, 0x46,
  0x01, 0x22, 0x9a, 0x40, 0x93, 0x46, 0xb2, 0x4b, 0x1a, 0x60, 0xb2, 0x4b,
  0x01, 0x93, 0x5b, 0x46, 0xb1, 0x48, 0x43, 0x63, 0x43, 0x46, 0x08, 0x22,
  0x9b, 0x5e, 0x99, 0x46, 0x00, 0x2b, 0x3a, 0xda, 0x43, 0x46, 0x9b, 0x88,
  0x1b, 0xb2, 0x00, 0x2b, 0x00, 0xdb, 0x9d, 0xe0, 0x43, 0x46, 0x9b, 0x79,
  0x00, 0x2b, 0x00, 0xd0, 0xe1, 0xe0, 0x43, 0x46, 0x08, 0x24, 0x1c, 0x5f,
  0x00, 0x2c, 0x20, 0xdb, 0x43, 0x46, 0x5a, 0x69, 0x63, 0x00, 0x1b, 0x19,
  0xdb, 0x00, 0xd3, 0x18, 0x9d, 0x68, 0xdc, 0x68, 0x6b, 0x1c, 0x00, 0xd1,
  0x03, 0xe1, 0xa0, 0x48, 0x00, 0x99, 0x84, 0x46, 0x61, 0x44, 0x82, 0x6a,
  0x0b, 0x69, 0xae, 0x1a, 0x9b, 0x1a, 0x9e, 0x42, 0x13, 0xd3, 0x5a, 0x46,
  0x03, 0x6a, 0x1a, 0x42, 0x0f, 0xd0, 0x99, 0x48, 0x00, 0xf0, 0x40, 0xfb,
  0x8c, 0x42, 0x02, 0xdc, 0xc7, 0xd1, 0x85, 0x42, 0xc5, 0xd9, 0x40, 0xbf,
  0x03, 0xb0, 0xf0, 0xbc, 0xbb, 0x46, 0xb2, 0x46, 0xa9, 0x46, 0xa0, 0x46,
  0xf0, 0xbd, 0x0d, 0x61, 0xed, 0xe7, 0x42, 0x46, 0x52, 0x69, 0x5b, 0x00,
  0x92, 0x46, 0x4b, 0x44, 0xdb, 0x00, 0x9a, 0x44, 0x53, 0x46, 0x9e, 0x68,
  0xdf, 0x68, 0x00, 0xf0, 0x25, 0xfb, 0x8f, 0x42, 0xb6, 0xdc, 0x00, 0xd1,
  0xf8, 0xe0, 0x00, 0x2f, 0x00, 0xda, 0xd9, 0xe0, 0x52, 0x46, 0x53, 0x46,
  0x54, 0x69, 0x1b, 0x69, 0x01, 0x9a, 0x93, 0x42, 0x00, 0xd1, 0xcc, 0xe0,
  0x41, 0x46, 0x52, 0x46, 0x08, 0x20, 0x08, 0x5e, 0x52, 0x88, 0x00, 0x04,
  0x21, 0x00, 0x10, 0x43, 0x98, 0x47, 0x04, 0x00, 0x0d, 0x00, 0x23, 0x00,
  0x2b, 0x43, 0x00, 0xd1, 0xc2, 0xe0, 0x00, 0x2d, 0x00, 0xdb, 0xdf, 0xe0,
  0x30, 0x00, 0x39, 0x00, 0x00, 0x1b, 0xa9, 0x41, 0x53, 0x46, 0x98, 0x60,
  0xd9, 0x60, 0x00, 0x22, 0x9a, 0x5e, 0x00, 0x2a, 0x00, 0xda, 0x8b, 0xe7,
  0x43, 0x46, 0x5d, 0x69, 0x53, 0x00, 0x9c, 0x18, 0xe4, 0x00, 0x2c, 0x19,
  0xa7, 0x68, 0xe4, 0x68, 0x8c, 0x42, 0x00, 0xdd, 0x80, 0xe7, 0x02, 0xd1,
  0x87, 0x42, 0x00, 0xd9, 0x7c, 0xe7, 0x46, 0x46, 0x32, 0x81, 0x08, 0x36,
  0x0d, 0xe0, 0x8c, 0x42, 0x00, 0xd1, 0xc6, 0xe0, 0x1e, 0x00, 0x00, 0x23,
  0xf2, 0x5e, 0x00, 0x2a, 0x0a, 0xdb, 0x53, 0x00, 0x9c, 0x18, 0xe4, 0x00,
  0x2c, 0x19, 0xa7, 0x68, 0xe4, 0x68, 0x9b, 0x18, 0xdb, 0x00, 0xeb, 0x18,
  0x8c, 0x42, 0xec, 0xdd, 0x53, 0x46, 0x1a, 0x80, 0x4b, 0x46, 0x33, 0x80,
  0x43, 0x46, 0x9b, 0x88, 0x1b, 0xb2, 0x00, 0x2b, 0x00, 0xda, 0x61, 0xe7,
  0x43, 0x46, 0x1a, 0x69, 0xef, 0xf3, 0x10, 0x81, 0x72, 0xb6, 0x13, 0x68,
  0x00, 0x2b, 0xfc, 0xd0, 0xbf, 0xf3, 0x5f, 0x8f, 0x43, 0x46, 0x9e, 0x88,
  0x01, 0x23, 0x42, 0x46, 0x5b, 0x42, 0x93, 0x80, 0x36, 0xb2, 0x13, 0x69,
  0xbf, 0xf3, 0x5f, 0x8f, 0x00, 0x22, 0x1a, 0x60, 0x81, 0xf3, 0x10, 0x88,
  0x00, 0x2e, 0x00, 0xda, 0x46, 0xe7, 0x43, 0x46, 0x5d, 0x69, 0x08, 0x33,
  0x42, 0x46, 0x9c, 0x46, 0x77, 0x00, 0xbf, 0x19, 0xff, 0x00, 0xef, 0x19,
  0xbb, 0x68, 0x60, 0x46, 0x98, 0x46, 0x08, 0x23, 0xd1, 0x5e, 0x92, 0x46,
  0xfc, 0x68, 0x00, 0x29, 0x07, 0xda, 0x0e, 0xe0, 0xa2, 0x42, 0x46, 0xd0,
  0x18, 0x00, 0x00, 0x23, 0xc1, 0x5e, 0x00, 0x29, 0x06, 0xdb, 0x4b, 0x00,
  0x5b, 0x18, 0xdb, 0x00, 0xeb, 0x18, 0xda, 0x68, 0xa2, 0x42, 0xf1, 0xdd,
  0x52, 0x46, 0x06, 0x80, 0x00, 0x23, 0xfe, 0x5e, 0x39, 0x80, 0x00, 0x2e,
  0xdc, 0xda, 0x90, 0x46, 0x43, 0x46, 0x9b, 0x79, 0x00, 0x2b, 0x00, 0xd1,
  0x1d, 0xe7, 0x00, 0x23, 0x42, 0x46, 0x93, 0x71, 0x43, 0x46, 0x46, 0x46,
  0x08, 0x21, 0x59, 0x5e, 0x08, 0x36, 0x4b, 0x1c, 0x00, 0xd1, 0x38, 0xe7,
  0x47, 0x46, 0x89, 0x46, 0x55, 0x69, 0x02, 0xe0, 0x06, 0x00, 0x4b, 0x1c,
  0x18, 0xd0, 0x4b, 0x00, 0x5b, 0x18, 0xdb, 0x00, 0xe8, 0x18, 0x0a, 0x00,
  0x8c, 0x46, 0xe9, 0x5e, 0x43, 0x88, 0x1b, 0xb2, 0x00, 0x2b, 0xf1, 0xda,
  0x01, 0x23, 0x5b, 0x42, 0xdc, 0x17, 0x83, 0x60, 0xc4, 0x60, 0x4a, 0x45,
  0x03, 0xd0, 0x31, 0x80, 0x3b, 0x89, 0x03, 0x80, 0x3a, 0x81, 0xe1, 0x46,
  0x4b, 0x1c, 0xe6, 0xd1, 0xb8, 0x46, 0x4c, 0x46, 0xf2, 0xe6, 0x9a, 0x68,
  0x42, 0x45, 0xb5, 0xd9, 0xc0, 0xe7, 0x63, 0x1c, 0x00, 0xd0, 0xf8, 0xe6,
  0x05, 0xe7, 0x20, 0x00, 0x23, 0x69, 0x98, 0x47, 0x00, 0x28, 0x25, 0xd1,
  0x53, 0x46, 0x42, 0x46, 0x1b, 0x88, 0x13, 0x81, 0x12, 0x69, 0xef, 0xf3,
  0x10, 0x83, 0x72, 0xb6, 0x11, 0x68, 0x00, 0x29, 0xfc, 0xd0, 0xbf, 0xf3,
  0x5f, 0x8f, 0x42, 0x46, 0x51, 0x46, 0x52, 0x88, 0x0a, 0x80, 0x42, 0x46,
  0x49, 0x46, 0x51, 0x80, 0x12, 0x69, 0xbf, 0xf3, 0x5f, 0x8f, 0x00, 0x21,
  0x11, 0x60, 0x83, 0xf3, 0x10, 0x88, 0xbb, 0xe6, 0x86, 0x42, 0x00, 0xd8,
  0x03, 0xe7, 0xb7, 0xe6, 0x09, 0x48, 0x00, 0xf0, 0x21, 0xfa, 0x00, 0x19,
  0x69, 0x41, 0x1d, 0xe7, 0x65, 0x68, 0x24, 0x68, 0x0f, 0xe7, 0x87, 0x42,
  0x00, 0xd8, 0x35, 0xe7, 0x44, 0xe7, 0xc0, 0x46, 0x04, 0x13, 0x00, 0x20,
  0x3c, 0x70, 0x05, 0x40, 0xa9, 0x13, 0x00, 0x10, 0x00, 0x40, 0x05, 0x40,
  0x70, 0xb5, 0x2e, 0x4c, 0x25, 0x69, 0x00, 0x2d, 0x04, 0xd0, 0x0a, 0x21,
  0x2c, 0x48, 0xff, 0xf7, 0x15, 0xfe, 0x70, 0xbd, 0x2b, 0x4e, 0x03, 0x21,
  0x30, 0x00, 0x00, 0xf0, 0xf5, 0xf9, 0xe6, 0x60, 0xff, 0xf7, 0x34, 0xfb,
  0x28, 0x4b, 0x03, 0x22, 0x9c, 0x46, 0xd0, 0x23, 0x22, 0x70, 0x1b, 0x06,
  0x1b, 0x68, 0x01, 0x21, 0x63, 0x70, 0x25, 0x4b, 0x60, 0x44, 0xa3, 0x60,
  0x0f, 0x23, 0x80, 0x00, 0x20, 0x61, 0x02, 0x20, 0x63, 0x80, 0x63, 0x69,
  0x49, 0x42, 0xa1, 0x80, 0x19, 0x80, 0x02, 0x31, 0x19, 0x86, 0x47, 0x31,
  0x1d, 0x83, 0x58, 0x52, 0x18, 0x31, 0x5a, 0x52, 0x75, 0x32, 0x5c, 0x39,
  0x99, 0x52, 0x18, 0x32, 0x01, 0x31, 0x99, 0x52, 0x18, 0x32, 0x01, 0x31,
  0x99, 0x52, 0x18, 0x32, 0x01, 0x31, 0x99, 0x52, 0x08, 0x35, 0x18, 0x32,
  0x9d, 0x52, 0x02, 0x31, 0x18, 0x32, 0x99, 0x52, 0x18, 0x32, 0x01, 0x31,
  0x99, 0x52, 0x18, 0x32, 0x01, 0x31, 0x99, 0x52, 0x18, 0x32, 0x01, 0x31,
  0x99, 0x52, 0x18, 0x32, 0x01, 0x31, 0x99, 0x52, 0x18, 0x32, 0x01, 0x31,
  0x99, 0x52, 0x0c, 0x4b, 0x0c, 0x49, 0xdc, 0x60, 0x01, 0x30, 0x35, 0x62,
  0xff, 0xf7, 0x4c, 0xfb, 0x01, 0x21, 0x03, 0x20, 0xff, 0xf7, 0x2a, 0xfb,
  0x08, 0x4b, 0x1d, 0x60, 0xa7, 0xe7, 0xc0, 0x46, 0xb4, 0x05, 0x00, 0x20,
  0x20, 0x13, 0x00, 0x20, 0x00, 0x40, 0x05, 0x40, 0x40, 0x00, 0x00, 0x34,
  0xff, 0xff, 0x10, 0x00, 0x04, 0x13, 0x00, 0x20, 0xa9, 0x13, 0x00, 0x10,
  0x38, 0x60, 0x05, 0x40, 0x70, 0xb5, 0x01, 0x00, 0x04, 0x69, 0xef, 0xf3,
  0x10, 0x8c, 0x72, 0xb6, 0x20, 0x68, 0x00, 0x28, 0xfc, 0xd0, 0xbf, 0xf3,
  0x5f, 0x8f, 0x02, 0x20, 0x0d, 0x5e, 0x4c, 0x69, 0x68, 0x00, 0x40, 0x19,
  0xc0, 0x00, 0x24, 0x18, 0x00, 0x2d, 0x37, 0xdb, 0x20, 0x88, 0x48, 0x80,
  0x08, 0x69, 0xbf, 0xf3, 0x5f, 0x8f, 0x00, 0x26, 0x06, 0x60, 0x8c, 0xf3,
  0x10, 0x88, 0xe3, 0x60, 0x63, 0x88, 0x04, 0x98, 0x01, 0x33, 0x20, 0x61,
  0x5b, 0x04, 0x05, 0x98, 0x5b, 0x0c, 0xa2, 0x60, 0x60, 0x61, 0x1a, 0x1c,
  0x00, 0x2b, 0x1f, 0xd0, 0x93, 0xb2, 0x28, 0x04, 0x62, 0x80, 0x18, 0x43,
  0x0a, 0x69, 0xef, 0xf3, 0x10, 0x8c, 0x72, 0xb6, 0x13, 0x68, 0x00, 0x2b,
  0xfc, 0xd0, 0xbf, 0xf3, 0x5f, 0x8f, 0x8b, 0x88, 0x23, 0x80, 0x8d, 0x80,
  0x0b, 0x69, 0xbf, 0xf3, 0x5f, 0x8f, 0x00, 0x22, 0x1a, 0x60, 0x8c, 0xf3,
  0x10, 0x88, 0x0b, 0x78, 0x01, 0x32, 0x9a, 0x40, 0xcb, 0x68, 0x08, 0x49,
  0x8c, 0x46, 0x63, 0x44, 0x1a, 0x60, 0x70, 0xbd, 0x01, 0x22, 0xdd, 0xe7,
  0x0b, 0x69, 0xbf, 0xf3, 0x5f, 0x8f, 0x00, 0x22, 0x1a, 0x60, 0x8c, 0xf3,
  0x10, 0x88, 0x01, 0x20, 0x40, 0x42, 0xf2, 0xe7, 0x3c, 0x20, 0x00, 0x00,
  0x10, 0xb5, 0x43, 0x89, 0x0a, 0x14, 0x93, 0x42, 0x1a, 0xdd, 0x53, 0x00,
  0x9b, 0x18, 0x42, 0x69, 0xdb, 0x00, 0xd3, 0x18, 0x04, 0x69, 0xef, 0xf3,
  0x10, 0x8c, 0x72, 0xb6, 0x22, 0x68, 0x00, 0x2a, 0xfc, 0xd0, 0xbf, 0xf3,
  0x5f, 0x8f, 0x5a, 0x88, 0x09, 0x04, 0x94, 0xb2, 0x09, 0x0c, 0x8a, 0x42,
  0x08, 0xd0, 0x03, 0x69, 0xbf, 0xf3, 0x5f, 0x8f, 0x00, 0x22, 0x1a, 0x60,
  0x8c, 0xf3, 0x10, 0x88, 0x00, 0x20, 0x10, 0xbd, 0x80, 0x22, 0x12, 0x02,
  0x14, 0x43, 0x5c, 0x80, 0x01, 0x23, 0x02, 0x69, 0x83, 0x71, 0xbf, 0xf3,
  0x5f, 0x8f, 0x00, 0x21, 0x11, 0x60, 0x8c, 0xf3, 0x10, 0x88, 0x04, 0x49,
  0x02, 0x78, 0x8c, 0x46, 0x93, 0x40, 0xc2, 0x68, 0x01, 0x20, 0x62, 0x44,
  0x13, 0x60, 0xe8, 0xe7, 0x3c, 0x20, 0x00, 0x00, 0xf0, 0xb5, 0x04, 0x00,
  0x0d, 0x00, 0x06, 0x26, 0x76, 0x42, 0xf7, 0x17, 0xc6, 0x46, 0x36, 0x19,
  0x6f, 0x41, 0x00, 0xb5, 0x82, 0xb0, 0x8f, 0x42, 0x14, 0xd8, 0x11, 0xd0,
  0x00, 0xf0, 0x06, 0xf9, 0x32, 0x00, 0x3b, 0x00, 0x12, 0x1a, 0x8b, 0x41,
  0x00, 0x2b, 0x17, 0xdc, 0x00, 0x2b, 0x47, 0xd0, 0x20, 0x00, 0x29, 0x00,
  0x00, 0xf0, 0x04, 0xf9, 0x02, 0xb0, 0x80, 0xbc, 0xb8, 0x46, 0xf0, 0xbd,
  0x86, 0x42, 0xeb, 0xd9, 0x00, 0x22, 0x00, 0x23, 0x16, 0x00, 0x1f, 0x00,
  0x00, 0xf0, 0xee, 0xf8, 0x32, 0x00, 0x3b, 0x00, 0x12, 0x1a, 0x8b, 0x41,
  0x00, 0x2b, 0xe7, 0xdd, 0x00, 0xf0, 0xe6, 0xf8, 0x32, 0x00, 0x3b, 0x00,
  0x12, 0x1a, 0x8b, 0x41, 0x00, 0x2b, 0x0a, 0xdb, 0x00, 0x23, 0x01, 0x93,
  0x15, 0x4b, 0x32, 0x00, 0x00, 0x93, 0x15, 0x48, 0x3b, 0x00, 0xff, 0xf7,
  0x2f, 0xff, 0x00, 0x28, 0xd6, 0xdb, 0x00, 0x23, 0x9c, 0x46, 0xb0, 0x46,
  0x11, 0x4a, 0x12, 0x4e, 0x73, 0x6a, 0x9f, 0x42, 0x04, 0xd8, 0xb1, 0x6a,
  0x88, 0x45, 0xcb, 0xd9, 0x9f, 0x42, 0xc9, 0xd1, 0x11, 0x68, 0xef, 0xf3,
  0x10, 0x80, 0x72, 0xb6, 0x0b, 0x68, 0x00, 0x2b, 0xfc, 0xd0, 0xbf, 0xf3,
  0x5f, 0x8f, 0x13, 0x68, 0xbf, 0xf3, 0x5f, 0x8f, 0x61, 0x46, 0x19, 0x60,
  0x80, 0xf3, 0x10, 0x88, 0x20, 0xbf, 0xe5, 0xe7, 0x00, 0x2a, 0xb5, 0xd0,
  0xca, 0xe7, 0xc0, 0x46, 0x79, 0x13, 0x00, 0x10, 0xb4, 0x05, 0x00, 0x20,
  0x20, 0x13, 0x00, 0x20, 0x00, 0x40, 0x05, 0x40, 0x70, 0xb5, 0x06, 0x00,
  0x00, 0xf0, 0xa6, 0xf8, 0xfa, 0x22, 0x04, 0x00, 0x0d, 0x00, 0x00, 0x23,
  0x30, 0x00, 0x00, 0x21, 0x92, 0x00, 0x00, 0xf0, 0x15, 0xfe, 0x80, 0x23,
  0x00, 0x19, 0x69, 0x41, 0x1b, 0x06, 0x99, 0x42, 0x02, 0xd3, 0x01, 0x20,
  0x02, 0x49, 0x40, 0x42, 0xff, 0xf7, 0x7c, 0xff, 0x70, 0xbd, 0xc0, 0x46,
  0xff, 0xff, 0xff, 0x7f, 0xf0, 0xb5, 0xd6, 0x46, 0x4f, 0x46, 0x46, 0x46,
  0xc0, 0xb5, 0x04, 0x00, 0x0d, 0x00, 0x82, 0xb0, 0xef, 0xf3, 0x05, 0x87,
  0x89, 0x46, 0x00, 0x2f, 0x0e, 0xd0, 0x34, 0x49, 0x00, 0x20, 0x4b, 0x6a,
  0xab, 0x42, 0x03, 0xd3, 0x8a, 0x6a, 0x01, 0x30, 0xa2, 0x42, 0x26, 0xd3,
  0x02, 0xb0, 0xe0, 0xbc, 0xba, 0x46, 0xb1, 0x46, 0xa8, 0x46, 0xf0, 0xbd,
  0x2d, 0x4b, 0x98, 0x46, 0xdb, 0x68, 0x9a, 0x46, 0x43, 0x46, 0x50, 0x46,
  0x1e, 0x78, 0x00, 0xf0, 0x61, 0xf8, 0x0b, 0x00, 0x51, 0x46, 0x02, 0x00,
  0x04, 0x36, 0xb6, 0x00, 0x71, 0x58, 0x20, 0x00, 0x8e, 0x1a, 0x29, 0x00,
  0x80, 0x1a, 0x99, 0x41, 0x8f, 0x42, 0x11, 0xdc, 0x0e, 0xd0, 0x20, 0xbf,
  0x20, 0x4a, 0x00, 0x20, 0x53, 0x6a, 0x4b, 0x45, 0xdc, 0xd3, 0x92, 0x6a,
  0x01, 0x30, 0xa2, 0x42, 0xd8, 0xd2, 0x5b, 0x1b, 0x5a, 0x1e, 0x93, 0x41,
  0xd8, 0xb2, 0xd3, 0xe7, 0x86, 0x42, 0xee, 0xd9, 0x00, 0xf0, 0x48, 0xf8,
  0x22, 0x00, 0x2b, 0x00, 0x12, 0x1a, 0x8b, 0x41, 0x00, 0x2b, 0x1a, 0xdb,
  0x00, 0x23, 0x01, 0x93, 0x15, 0x4b, 0x22, 0x00, 0x00, 0x93, 0x40, 0x46,
  0x2b, 0x00, 0xff, 0xf7, 0x91, 0xfe, 0x01, 0x1e, 0x0f, 0xdd, 0x0f, 0x4b,
  0x5a, 0x6a, 0x4a, 0x45, 0x17, 0xd3, 0x9b, 0x6a, 0xa3, 0x42, 0x12, 0xd3,
  0x40, 0x46, 0xff, 0xf7, 0xdd, 0xfe, 0x0a, 0x4a, 0x00, 0x20, 0x53, 0x6a,
  0x4b, 0x45, 0xaf, 0xd3, 0xd1, 0xe7, 0x07, 0x4a, 0x00, 0x20, 0x53, 0x6a,
  0x4b, 0x45, 0xa9, 0xd3, 0x92, 0x6a, 0x01, 0x20, 0xa2, 0x42, 0xa5, 0xd2,
  0xcb, 0xe7, 0x4a, 0x45, 0xea, 0xd1, 0x20, 0xbf, 0xe8, 0xe7, 0xc0, 0x46,
  0x00, 0x40, 0x05, 0x40, 0xb4, 0x05, 0x00, 0x20, 0x79, 0x13, 0x00, 0x10,
  0x10, 0xb5, 0x02, 0x4a, 0x02, 0x48, 0xff, 0xf7, 0xcd, 0xf8, 0x10, 0xbd,
  0xcc, 0x68, 0x00, 0x10, 0x94, 0x10, 0x00, 0x20, 0x03, 0x00, 0x41, 0x6a,
  0x0a, 0x00, 0x98, 0x6a, 0x59, 0x6a, 0x8a, 0x42, 0xfa, 0xd1, 0x70, 0x47,
  0x03, 0x4b, 0x59, 0x6a, 0x0a, 0x00, 0x98, 0x6a, 0x59, 0x6a, 0x91, 0x42,
  0xfa, 0xd1, 0x70, 0x47, 0x00, 0x40, 0x05, 0x40, 0x06, 0x4a, 0x53, 0x6a,
  0x99, 0x42, 0xfc, 0xd8, 0x07, 0xd1, 0x04, 0x4b, 0x02, 0xe0, 0x5a, 0x6a,
  0x91, 0x42, 0x02, 0xd1, 0x9a, 0x6a, 0x82, 0x42, 0xf9, 0xd3, 0x70, 0x47,
  0x00, 0x40, 0x05, 0x40, 0xf8, 0xb5, 0xde, 0x46, 0x4e, 0x46, 0x57, 0x46,
  0x45, 0x46, 0xe0, 0xb5, 0x8b, 0x46, 0x05, 0x00, 0x0a, 0x99, 0x18, 0x00,
  0x16, 0x00, 0x00, 0xf0, 0xc3, 0xfc, 0x0a, 0x9b, 0x6c, 0x00, 0x1f, 0x02,
  0x32, 0x4b, 0x64, 0x19, 0x9c, 0x46, 0xa4, 0x00, 0x64, 0x44, 0x63, 0x68,
  0x81, 0x46, 0x9f, 0x42, 0x00, 0xd9, 0x67, 0x60, 0x2b, 0x1f, 0xdb, 0xb2,
  0x98, 0x46, 0x01, 0x2b, 0x30, 0xd9, 0xc0, 0x23, 0x80, 0x22, 0x9b, 0x01,
  0xe3, 0x18, 0x12, 0x01, 0x1a, 0x60, 0x29, 0x4b, 0xad, 0x00, 0x59, 0x59,
  0x9a, 0x46, 0x00, 0x29, 0x1b, 0xd1, 0x73, 0x01, 0xe0, 0x26, 0x22, 0x68,
  0x53, 0x40, 0x1e, 0x40, 0x80, 0x23, 0x42, 0x46, 0x5b, 0x01, 0xe3, 0x18,
  0x1e, 0x60, 0x01, 0x2a, 0x30, 0xd9, 0x80, 0x23, 0x80, 0x22, 0x9b, 0x01,
  0xe3, 0x18, 0x12, 0x01, 0x1a, 0x60, 0x53, 0x46, 0x4a, 0x46, 0x67, 0x60,
  0x5a, 0x51, 0xf0, 0xbc, 0xbb, 0x46, 0xb2, 0x46, 0xa9, 0x46, 0xa0, 0x46,
  0xf8, 0xbd, 0x58, 0x69, 0x00, 0xf0, 0x86, 0xfc, 0x01, 0x30, 0x43, 0x00,
  0x1b, 0x18, 0x03, 0x3b, 0xfd, 0xd2, 0xda, 0xe7, 0x5b, 0x46, 0x01, 0x2b,
  0xcb, 0xd1, 0xc0, 0x23, 0x03, 0x22, 0x9b, 0x01, 0xe3, 0x18, 0x1a, 0x60,
  0x02, 0x3a, 0xa3, 0x68, 0x1a, 0x42, 0xfc, 0xd0, 0x73, 0x01, 0xe0, 0x26,
  0x22, 0x68, 0xad, 0x00, 0x53, 0x40, 0x1e, 0x40, 0x80, 0x23, 0x0a, 0x4a,
  0x5b, 0x01, 0x92, 0x46, 0xe3, 0x18, 0x1e, 0x60, 0x5a, 0x46, 0x21, 0x68,
  0x51, 0x40, 0x03, 0x22, 0x0a, 0x40, 0x1a, 0x60, 0x01, 0x22, 0x5b, 0x46,
  0x9a, 0x40, 0xa3, 0x68, 0x1a, 0x42, 0xfc, 0xd0, 0xc1, 0xe7, 0xc0, 0x46,
  0x00, 0x80, 0x00, 0x40, 0x98, 0x10, 0x00, 0x20, 0xf0, 0xb5, 0x46, 0x46,
  0x4f, 0x46, 0xd6, 0x46, 0xc0, 0xb5, 0x1f, 0x00, 0x34, 0x4b, 0x44, 0x00,
  0x9c, 0x46, 0x24, 0x18, 0xa4, 0x00, 0x64, 0x44, 0x63, 0x68, 0x88, 0x46,
  0x16, 0x00, 0xff, 0x2b, 0x02, 0xd8, 0x80, 0x23, 0x5b, 0x00, 0x63, 0x60,
  0x03, 0x1f, 0xdb, 0xb2, 0x9a, 0x46, 0x01, 0x2b, 0x30, 0xd9, 0xc0, 0x23,
  0x80, 0x22, 0x9b, 0x01, 0xe3, 0x18, 0x12, 0x01, 0x1a, 0x60, 0x29, 0x4b,
  0x85, 0x00, 0x59, 0x59, 0x99, 0x46, 0x00, 0x29, 0x1b, 0xd1, 0x73, 0x01,
  0xe0, 0x26, 0x22, 0x68, 0x53, 0x40, 0x1e, 0x40, 0x80, 0x23, 0x52, 0x46,
  0x5b, 0x01, 0xe3, 0x18, 0x1e, 0x60, 0x01, 0x2a, 0x30, 0xd9, 0x80, 0x23,
  0x80, 0x22, 0x9b, 0x01, 0xe3, 0x18, 0x12, 0x01, 0x1a, 0x60, 0x80, 0x23,
  0x5b, 0x00, 0x63, 0x60, 0x4b, 0x46, 0x5f, 0x51, 0xe0, 0xbc, 0xba, 0x46,
  0xb1, 0x46, 0xa8, 0x46, 0xf0, 0xbd, 0x58, 0x69, 0x00, 0xf0, 0x12, 0xfc,
  0x01, 0x30, 0x43, 0x00, 0x1b, 0x18, 0x03, 0x3b, 0xfd, 0xd2, 0xda, 0xe7,
  0x43, 0x46, 0x01, 0x2b, 0xcb, 0xd1, 0xc0, 0x23, 0x03, 0x22, 0x9b, 0x01,
  0xe3, 0x18, 0x1a, 0x60, 0x02, 0x3a, 0xa3, 0x68, 0x1a, 0x42, 0xfc, 0xd0,
  0x73, 0x01, 0xe0, 0x26, 0x22, 0x68, 0x85, 0x00, 0x53, 0x40, 0x1e, 0x40,
  0x80, 0x23, 0x0a, 0x4a, 0x5b, 0x01, 0x91, 0x46, 0xe3, 0x18, 0x1e, 0x60,
  0x42, 0x46, 0x21, 0x68, 0x51, 0x40, 0x03, 0x22, 0x0a, 0x40, 0x1a, 0x60,
  0x01, 0x23, 0x42, 0x46, 0x93, 0x40, 0xa2, 0x68, 0x13, 0x42, 0xfc, 0xd0,
  0xc1, 0xe7, 0xc0, 0x46, 0x00, 0x80, 0x00, 0x40, 0x98, 0x10, 0x00, 0x20,
  0x01, 0x4b, 0x80, 0x00, 0xc0, 0x58, 0x70, 0x47, 0x98, 0x10, 0x00, 0x20,
  0xf0, 0xb5, 0x47, 0x46, 0xce, 0x46, 0x80, 0xb5, 0x5b, 0x4b, 0x15, 0x00,
  0x5a, 0x68, 0x07, 0x00, 0x88, 0x46, 0x83, 0xb0, 0xff, 0x2a, 0x02, 0xd8,
  0x80, 0x22, 0x52, 0x00, 0x5a, 0x60, 0x03, 0x22, 0x56, 0x4b, 0x55, 0x4e,
  0x1a, 0x60, 0x01, 0x23, 0xb4, 0x68, 0x23, 0x42, 0xfc, 0xd0, 0x20, 0x22,
  0x31, 0x68, 0x51, 0x40, 0xc0, 0x32, 0x0a, 0x40, 0x51, 0x49, 0x0a, 0x60,
  0x32, 0x68, 0x4e, 0x4e, 0x5a, 0x40, 0x03, 0x23, 0x13, 0x40, 0x0b, 0x60,
  0x02, 0x23, 0xb4, 0x68, 0x23, 0x42, 0xfc, 0xd0, 0x80, 0x22, 0x4c, 0x4b,
  0x12, 0x01, 0x1a, 0x60, 0x80, 0x23, 0x5b, 0x00, 0x73, 0x60, 0x4a, 0x4c,
  0x99, 0x46, 0x4a, 0x4b, 0x3a, 0x00, 0x63, 0x61, 0x01, 0x21, 0x43, 0x46,
  0x48, 0x48, 0x00, 0x95, 0x00, 0xf0, 0xbc, 0xf9, 0x41, 0x46, 0x38, 0x00,
  0x69, 0x43, 0x00, 0xf0, 0x9d, 0xfb, 0x45, 0x4b, 0x05, 0x00, 0x5a, 0x68,
  0xff, 0x2a, 0x01, 0xd8, 0x4a, 0x46, 0x5a, 0x60, 0x80, 0x22, 0x42, 0x4b,
  0x12, 0x01, 0x1a, 0x60, 0x21, 0x69, 0x00, 0x29, 0x07, 0xd0, 0x60, 0x69,
  0x00, 0xf0, 0x8c, 0xfb, 0x01, 0x30, 0x43, 0x00, 0x1b, 0x18, 0x03, 0x3b,
  0xfd, 0xd2, 0xe0, 0x22, 0x39, 0x4b, 0x3b, 0x48, 0x19, 0x68, 0x0a, 0x40,
  0x02, 0x60, 0x02, 0x22, 0x19, 0x68, 0x51, 0x40, 0x01, 0x32, 0x0a, 0x40,
  0x04, 0x21, 0x02, 0x60, 0x9a, 0x68, 0x11, 0x42, 0xfc, 0xd0, 0x80, 0x21,
  0x34, 0x4a, 0x09, 0x01, 0x11, 0x60, 0x80, 0x22, 0x52, 0x00, 0x5a, 0x60,
  0x32, 0x4b, 0x23, 0x61, 0x26, 0x4b, 0x59, 0x68, 0xff, 0x29, 0x00, 0xd8,
  0x5a, 0x60, 0x03, 0x22, 0x01, 0x21, 0x24, 0x4b, 0x1a, 0x60, 0x22, 0x4a,
  0x93, 0x68, 0x19, 0x42, 0xfc, 0xd0, 0xe0, 0x23, 0x10, 0x68, 0x03, 0x40,
  0x20, 0x48, 0x03, 0x60, 0x12, 0x68, 0x03, 0x23, 0x4a, 0x40, 0x02, 0x21,
  0x13, 0x40, 0x1b, 0x4a, 0x03, 0x60, 0x93, 0x68, 0x19, 0x42, 0xfc, 0xd0,
  0x80, 0x21, 0x1b, 0x4b, 0x09, 0x01, 0x19, 0x60, 0x80, 0x21, 0x22, 0x4b,
  0x49, 0x00, 0x51, 0x60, 0x65, 0x61, 0x5a, 0x68, 0xff, 0x2a, 0x00, 0xd8,
  0x59, 0x60, 0x80, 0x22, 0x1e, 0x4b, 0x12, 0x01, 0x1a, 0x60, 0xa1, 0x69,
  0x00, 0x29, 0x07, 0xd0, 0x60, 0x69, 0x00, 0xf0, 0x3b, 0xfb, 0x01, 0x30,
  0x43, 0x00, 0x1b, 0x18, 0x03, 0x3b, 0xfd, 0xd2, 0x40, 0x23, 0x16, 0x49,
  0x0a, 0x68, 0x5a, 0x40, 0xa0, 0x33, 0x13, 0x40, 0x15, 0x4a, 0x13, 0x60,
  0x80, 0x22, 0x15, 0x4b, 0x12, 0x01, 0x1a, 0x60, 0x80, 0x23, 0x5b, 0x00,
  0x4b, 0x60, 0x08, 0x4b, 0xa3, 0x61, 0x03, 0xb0, 0xc0, 0xbc, 0xb9, 0x46,
  0xb0, 0x46, 0xf0, 0xbd, 0x3c, 0x80, 0x00, 0x40, 0x3c, 0xb0, 0x00, 0x40,
  0x3c, 0x90, 0x00, 0x40, 0x3c, 0xa0, 0x00, 0x40, 0x98, 0x10, 0x00, 0x20,
  0x00, 0x6c, 0xdc, 0x02, 0x00, 0x80, 0x02, 0x40, 0x30, 0x80, 0x00, 0x40,
  0x30, 0xb0, 0x00, 0x40, 0x30, 0x90, 0x00, 0x40, 0x30, 0xa0, 0x00, 0x40,
  0x00, 0x1b, 0xb7, 0x00, 0x48, 0x80, 0x00, 0x40, 0x48, 0xb0, 0x00, 0x40,
  0x48, 0x90, 0x00, 0x40, 0x48, 0xa0, 0x00, 0x40, 0xf0, 0xb5, 0x4e, 0x46,
  0x45, 0x46, 0xde, 0x46, 0x57, 0x46, 0xe0, 0xb5, 0x1e, 0x00, 0x84, 0x4b,
  0x05, 0x00, 0x98, 0x46, 0xa0, 0x23, 0x5b, 0x00, 0x9b, 0x46, 0x82, 0x4b,
  0xd9, 0x46, 0x9a, 0x46, 0x43, 0x46, 0x8b, 0x46, 0x85, 0xb0, 0x00, 0x93,
  0x02, 0x92, 0x03, 0x96, 0x00, 0x9b, 0x53, 0x45, 0x0d, 0xd9, 0x01, 0x23,
  0x5b, 0x42, 0x9c, 0x46, 0x7b, 0x4a, 0xe1, 0x44, 0x94, 0x46, 0x00, 0x9b,
  0x63, 0x44, 0x00, 0x93, 0x4b, 0x46, 0x0f, 0x2b, 0xf0, 0xd1, 0x00, 0x20,
  0x8f, 0xe0, 0x1f, 0x00, 0x76, 0x4b, 0x31, 0x21, 0x9c, 0x46, 0x67, 0x44,
  0x38, 0x00, 0x00, 0xf0, 0xd1, 0xfa, 0x07, 0x26, 0x31, 0x24, 0x85, 0x42,
  0x64, 0xd0, 0x74, 0x1e, 0xb0, 0x46, 0x2e, 0x00, 0x25, 0x00, 0x44, 0x46,
  0x6c, 0x43, 0x38, 0x00, 0x21, 0x00, 0x00, 0xf0, 0xc3, 0xfa, 0x86, 0x42,
  0x4c, 0xd0, 0x6b, 0x1e, 0x01, 0x93, 0x01, 0x2d, 0x00, 0xd1, 0xb2, 0xe0,
  0x43, 0x46, 0xe4, 0x1a, 0x21, 0x00, 0x38, 0x00, 0x00, 0xf0, 0xb6, 0xfa,
  0x86, 0x42, 0x59, 0xd0, 0xab, 0x1e, 0x01, 0x93, 0x02, 0x2d, 0x00, 0xd1,
  0xb1, 0xe0, 0x43, 0x46, 0xe4, 0x1a, 0x21, 0x00, 0x38, 0x00, 0x00, 0xf0,
  0xa9, 0xfa, 0x86, 0x42, 0x64, 0xd0, 0xeb, 0x1e, 0x01, 0x93, 0x03, 0x2d,
  0x66, 0xd0, 0x43, 0x46, 0xe4, 0x1a, 0x21, 0x00, 0x38, 0x00, 0x00, 0xf0,
  0x9d, 0xfa, 0x86, 0x42, 0x69, 0xd0, 0x2b, 0x1f, 0x01, 0x93, 0x04, 0x2d,
  0x6b, 0xd0, 0x43, 0x46, 0xe4, 0x1a, 0x21, 0x00, 0x38, 0x00, 0x00, 0xf0,
  0x91, 0xfa, 0x86, 0x42, 0x6b, 0xd0, 0x05, 0x2d, 0x6d, 0xd0, 0x38, 0x00,
  0xe1, 0x1f, 0x00, 0xf0, 0x89, 0xfa, 0x86, 0x42, 0x00, 0xd1, 0x71, 0xe0,
  0x06, 0x23, 0x24, 0x21, 0x38, 0x00, 0x98, 0x46, 0x24, 0x24, 0x00, 0xf0,
  0x7f, 0xfa, 0x86, 0x42, 0x12, 0xd0, 0x05, 0x25, 0x44, 0x46, 0x6c, 0x43,
  0x38, 0x00, 0x21, 0x00, 0x00, 0xf0, 0x76, 0xfa, 0x86, 0x42, 0xb2, 0xd1,
  0x00, 0x29, 0xb0, 0xd1, 0x5b, 0x46, 0x2c, 0x00, 0xcb, 0x46, 0x47, 0x46,
  0x99, 0x46, 0x02, 0x9a, 0x03, 0x9e, 0x18, 0xe0, 0x35, 0x00, 0x46, 0x46,
  0x21, 0x00, 0x38, 0x00, 0x00, 0xf0, 0x64, 0xfa, 0x00, 0x29, 0x94, 0xd1,
  0x37, 0x00, 0x5b, 0x46, 0x3c, 0x00, 0xcb, 0x46, 0x02, 0x9a, 0x99, 0x46,
  0x03, 0x9e, 0x08, 0xe0, 0x00, 0x29, 0xa3, 0xd1, 0x5b, 0x46, 0x47, 0x46,
  0xcb, 0x46, 0x99, 0x46, 0x02, 0x9a, 0x03, 0x9e, 0x01, 0x9c, 0x5b, 0x46,
  0x33, 0x49, 0x01, 0x20, 0x59, 0x43, 0x4b, 0x46, 0x19, 0x60, 0x17, 0x60,
  0x34, 0x60, 0x05, 0xb0, 0xf0, 0xbc, 0xbb, 0x46, 0xb2, 0x46, 0xa9, 0x46,
  0xa0, 0x46, 0xf0, 0xbd, 0x00, 0x29, 0xe7, 0xd0, 0xeb, 0x1e, 0x01, 0x93,
  0x03, 0x2d, 0x98, 0xd1, 0x03, 0x23, 0x09, 0x21, 0x38, 0x00, 0x98, 0x46,
  0x09, 0x24, 0x00, 0xf0, 0x35, 0xfa, 0x86, 0x42, 0xc8, 0xd0, 0x02, 0x25,
  0x67, 0xe7, 0x00, 0x29, 0xd6, 0xd0, 0x2b, 0x1f, 0x01, 0x93, 0x04, 0x2d,
  0x93, 0xd1, 0x04, 0x23, 0x10, 0x24, 0x98, 0x46, 0x3b, 0x09, 0x9e, 0x42,
  0xba, 0xd0, 0x03, 0x25, 0x59, 0xe7, 0x00, 0x29, 0xc8, 0xd0, 0x05, 0x2d,
  0x91, 0xd1, 0x19, 0x21, 0x38, 0x00, 0x19, 0x24, 0x00, 0xf0, 0x1a, 0xfa,
  0xb0, 0x42, 0x23, 0xd0, 0x05, 0x23, 0x04, 0x25, 0x98, 0x46, 0x4a, 0xe7,
  0x00, 0x29, 0x00, 0xd0, 0x8a, 0xe7, 0x5b, 0x46, 0x47, 0x46, 0xcb, 0x46,
  0x01, 0x24, 0x99, 0x46, 0x02, 0x9a, 0x03, 0x9e, 0xb7, 0xe7, 0x35, 0x00,
  0xb7, 0x42, 0x00, 0xd0, 0x1d, 0xe7, 0x5b, 0x46, 0x01, 0x27, 0xcb, 0x46,
  0x01, 0x24, 0x99, 0x46, 0x02, 0x9a, 0x03, 0x9e, 0xab, 0xe7, 0x02, 0x23,
  0x04, 0x24, 0x98, 0x46, 0xbb, 0x08, 0x9e, 0x42, 0x00, 0xd1, 0x8b, 0xe7,
  0x01, 0x25, 0x2a, 0xe7, 0x35, 0x00, 0x05, 0x26, 0x88, 0xe7, 0xc0, 0x46,
  0x50, 0x26, 0x2f, 0x00, 0x50, 0xf8, 0x0c, 0x00, 0x20, 0xd1, 0xff, 0xff,
  0xb0, 0x71, 0x0b, 0x00, 0x00, 0x1b, 0xb7, 0x00, 0xf8, 0xb5, 0x04, 0x00,
  0x21, 0x48, 0x1e, 0x00, 0x17, 0x00, 0x0d, 0x00, 0x00, 0xf0, 0xde, 0xf9,
  0x01, 0x00, 0x38, 0x00, 0x00, 0xf0, 0xda, 0xf9, 0x06, 0x9b, 0x36, 0x04,
  0x1b, 0x03, 0x1e, 0x43, 0x23, 0x68, 0x00, 0x2b, 0x20, 0xdb, 0x1a, 0x4b,
  0x1a, 0x49, 0xe3, 0x18, 0x5a, 0x1e, 0x93, 0x41, 0x80, 0x22, 0x92, 0x01,
  0x94, 0x46, 0x5b, 0x42, 0x1b, 0x0b, 0x17, 0x4a, 0x1b, 0x03, 0x63, 0x44,
  0x13, 0x60, 0x16, 0x4a, 0x13, 0x60, 0x1f, 0x00, 0x0a, 0x68, 0x97, 0x43,
  0xfb, 0xd1, 0x14, 0x4b, 0x25, 0x60, 0xe2, 0x18, 0x21, 0x23, 0xa0, 0x60,
  0x13, 0x60, 0x23, 0x68, 0x00, 0x2b, 0xfc, 0xda, 0x08, 0x23, 0xe6, 0x60,
  0x13, 0x60, 0xf8, 0xbd, 0x3f, 0x23, 0x22, 0x68, 0x13, 0x40, 0xab, 0x42,
  0xd9, 0xd1, 0xa3, 0x68, 0x1b, 0x05, 0x1b, 0x0d, 0x83, 0x42, 0xd4, 0xd1,
  0xee, 0x22, 0xe3, 0x68, 0xd2, 0x02, 0x13, 0x40, 0xb3, 0x42, 0xce, 0xd1,
  0xed, 0xe7, 0xc0, 0x46, 0x00, 0x1b, 0xb7, 0x00, 0x00, 0x40, 0xfd, 0xbf,
  0x08, 0xc0, 0x00, 0x40, 0x00, 0xe0, 0x00, 0x40, 0x00, 0xf0, 0x00, 0x40,
  0x04, 0x30, 0x00, 0x00, 0x80, 0x23, 0x02, 0x4a, 0x9b, 0x00, 0x0b, 0x43,
  0xd3, 0x62, 0x70, 0x47, 0x00, 0x80, 0x05, 0x40, 0x14, 0x23, 0x10, 0xb5,
  0x01, 0x00, 0x18, 0x88, 0x04, 0x33, 0x1b, 0x88, 0x98, 0x47, 0x10, 0xbd,
  0x16, 0x23, 0x10, 0xb5, 0x01, 0x00, 0x18, 0x88, 0x02, 0x33, 0x1b, 0x88,
  0x98, 0x47, 0x10, 0xbd, 0xf8, 0xb5, 0x47, 0x46, 0xce, 0x46, 0x80, 0xb5,
  0x0f, 0x1e, 0x19, 0xd0, 0x14, 0x23, 0x99, 0x46, 0x04, 0x33, 0x04, 0x00,
  0x00, 0x25, 0x01, 0x26, 0x98, 0x46, 0x4b, 0x46, 0x18, 0x88, 0x43, 0x46,
  0x21, 0x68, 0x1b, 0x88, 0x98, 0x47, 0x01, 0xc4, 0x43, 0x1e, 0x98, 0x41,
  0x01, 0x35, 0x40, 0x42, 0x06, 0x40, 0xaf, 0x42, 0xf1, 0xd1, 0x30, 0x00,
  0xc0, 0xbc, 0xb9, 0x46, 0xb0, 0x46, 0xf8, 0xbd, 0x01, 0x26, 0xf8, 0xe7,
  0xaa, 0x23, 0x06, 0x4a, 0x1b, 0x01, 0x13, 0x60, 0x8d, 0x23, 0x5b, 0x00,
  0xd3, 0x60, 0x04, 0x49, 0x04, 0x4b, 0x19, 0x60, 0x53, 0x68, 0x00, 0x2b,
  0xfc, 0xda, 0x70, 0x47, 0x00, 0x40, 0x02, 0x40, 0x00, 0xb0, 0xfa, 0x00,
  0x00, 0x60, 0x02, 0x40, 0x70, 0x47, 0xc0, 0x46, 0x10, 0xb5, 0x01, 0x48,
  0xfe, 0xf7, 0xe8, 0xfc, 0xf0, 0x68, 0x00, 0x10, 0x70, 0xb5, 0x07, 0x4d,
  0x07, 0x4e, 0xb5, 0x42, 0x09, 0xd2, 0x00, 0x24, 0x01, 0x3e, 0x76, 0x1b,
  0xb6, 0x08, 0x08, 0xcd, 0x98, 0x47, 0x23, 0x00, 0x01, 0x34, 0xb3, 0x42,
  0xf9, 0xd1, 0x70, 0xbd, 0x98, 0x64, 0x00, 0x10, 0xd4, 0x64, 0x00, 0x10,
  0x70, 0xb5, 0x07, 0x4d, 0x07, 0x4e, 0xb5, 0x42, 0x09, 0xd2, 0x00, 0x24,
  0x01, 0x3e, 0x76, 0x1b, 0xb6, 0x08, 0x08, 0xcd, 0x98, 0x47, 0x23, 0x00,
  0x01, 0x34, 0xb3, 0x42, 0xf9, 0xd1, 0x70, 0xbd, 0xcc, 0x64, 0x00, 0x10,
  0xd4, 0x64, 0x00, 0x10, 0x05, 0x4b, 0x06, 0x4a, 0x06, 0x49, 0x1a, 0x60,
  0x06, 0x4a, 0x07, 0x4b, 0x1a, 0x60, 0x10, 0x00, 0x0b, 0x68, 0x98, 0x43,
  0xfb, 0xd1, 0x70, 0x47, 0x00, 0xe0, 0x00, 0x40, 0xbf, 0xcd, 0xfb, 0xfe,
  0x08, 0xc0, 0x00, 0x40, 0xfe, 0x7f, 0x3c, 0x00, 0x00, 0xf0, 0x00, 0x40,
  0x04, 0x4b, 0xdb, 0x6c, 0x00, 0x2b, 0x03, 0xd1, 0x80, 0x22, 0x03, 0x4b,
  0xd2, 0x02, 0x1a, 0x60, 0x70, 0x47, 0xc0, 0x46, 0x00, 0x00, 0x11, 0x50,
  0x4c, 0x20, 0x11, 0x50, 0x04, 0x4a, 0x05, 0x4b, 0x1a, 0x60, 0x05, 0x4a,
  0x13, 0x68, 0xdb, 0x01, 0x80, 0x33, 0xfb, 0xd1, 0x70, 0x47, 0xc0, 0x46,
  0xff, 0xff, 0xff, 0x01, 0x00, 0xf0, 0x00, 0x40, 0x08, 0xc0, 0x00, 0x40,
  0x40, 0x22, 0x03, 0x4b, 0x9a, 0x67, 0x5a, 0x67, 0x1a, 0x67, 0xda, 0x66,
  0x70, 0x47, 0xc0, 0x46, 0x00, 0xf0, 0x01, 0x40, 0x10, 0xb5, 0xfe, 0xf7,
  0x39, 0xfd, 0x10, 0xbd, 0xf8, 0xb5, 0x27, 0x49, 0x27, 0x4c, 0x28, 0x4d,
  0x64, 0x1a, 0xa6, 0x10, 0x32, 0x00, 0x30, 0x2e, 0x00, 0xd9, 0x30, 0x22,
  0x28, 0x00, 0x92, 0x00, 0x00, 0xf0, 0xc4, 0xf9, 0xbc, 0x2c, 0x3b, 0xd8,
  0x30, 0x20, 0x2f, 0x23, 0x2c, 0x19, 0x64, 0x07, 0x20, 0x4a, 0x80, 0x1b,
  0xe4, 0x0f, 0x9b, 0x1b, 0x05, 0x2b, 0x16, 0xd9, 0x37, 0x00, 0x00, 0x2c,
  0x02, 0xd0, 0xb3, 0x00, 0x77, 0x1c, 0xea, 0x50, 0x00, 0x1b, 0x33, 0x19,
  0x9b, 0x00, 0x41, 0x08, 0xeb, 0x18, 0xc9, 0x00, 0xc9, 0x18, 0x1a, 0x60,
  0x5a, 0x60, 0x08, 0x33, 0x99, 0x42, 0xfa, 0xd1, 0x01, 0x23, 0x03, 0x42,
  0x1c, 0xd0, 0x98, 0x43, 0xc6, 0x19, 0xb3, 0x00, 0xea, 0x50, 0x73, 0x1c,
  0x2f, 0x2e, 0x15, 0xd0, 0x9b, 0x00, 0xea, 0x50, 0xb3, 0x1c, 0x2e, 0x2e,
  0x10, 0xd0, 0x9b, 0x00, 0xea, 0x50, 0xf3, 0x1c, 0x2d, 0x2e, 0x0b, 0xd0,
  0x9b, 0x00, 0xea, 0x50, 0x33, 0x1d, 0x2c, 0x2e, 0x06, 0xd0, 0x9b, 0x00,
  0xea, 0x50, 0x73, 0x1d, 0x2b, 0x2e, 0x01, 0xd0, 0x9b, 0x00, 0xea, 0x50,
  0x05, 0x4b, 0x9d, 0x60, 0xf8, 0xbd, 0xc0, 0x46, 0x00, 0x01, 0x00, 0x10,
  0xc0, 0x01, 0x00, 0x10, 0x00, 0x00, 0x00, 0x20, 0xc1, 0x01, 0x00, 0x10,
  0x00, 0xed, 0x00, 0xe0, 0x00, 0x23, 0x10, 0xb5, 0x29, 0x4c, 0x82, 0xb0,
  0xa3, 0x67, 0xff, 0xf7, 0x19, 0xff, 0x01, 0x22, 0x27, 0x4b, 0x1a, 0x60,
  0x63, 0x6c, 0x01, 0x2b, 0xfc, 0xd1, 0x03, 0x22, 0x25, 0x4b, 0x1a, 0x60,
  0x22, 0x4a, 0x93, 0x6b, 0x01, 0x2b, 0xfc, 0xd1, 0x01, 0x33, 0x00, 0x93,
  0x01, 0x21, 0x22, 0x4a, 0x22, 0x48, 0x04, 0x33, 0xff, 0xf7, 0x78, 0xfe,
  0x05, 0x23, 0x01, 0x21, 0x00, 0x93, 0x20, 0x4a, 0x20, 0x48, 0xff, 0xf7,
  0x71, 0xfe, 0x00, 0x22, 0x02, 0x21, 0x04, 0x20, 0x1e, 0x4b, 0xff, 0xf7,
  0xfb, 0xfb, 0x00, 0x22, 0x01, 0x21, 0x05, 0x20, 0x1c, 0x4b, 0xff, 0xf7,
  0xf5, 0xfb, 0x00, 0x22, 0x00, 0x21, 0x07, 0x20, 0x1a, 0x4b, 0xff, 0xf7,
  0xef, 0xfb, 0x00, 0x22, 0x00, 0x21, 0x08, 0x20, 0x17, 0x4b, 0xff, 0xf7,
  0xe9, 0xfb, 0x80, 0x23, 0xdb, 0x00, 0x00, 0x93, 0x00, 0x22, 0x00, 0x21,
  0x09, 0x20, 0x13, 0x4b, 0xff, 0xf7, 0x66, 0xfb, 0x00, 0x22, 0x10, 0x4b,
  0x00, 0x21, 0x06, 0x20, 0xff, 0xf7, 0xda, 0xfb, 0x04, 0x20, 0xff, 0xf7,
  0x4b, 0xfc, 0x0e, 0x49, 0x00, 0xf0, 0x2a, 0xf8, 0x01, 0x00, 0x00, 0x20,
  0xff, 0xf7, 0x92, 0xfe, 0x02, 0xb0, 0x10, 0xbd, 0x00, 0x80, 0x00, 0x40,
  0x3c, 0xb0, 0x00, 0x40, 0x30, 0xb0, 0x00, 0x40, 0x00, 0x2f, 0x68, 0x59,
  0x00, 0x80, 0x02, 0x40, 0x00, 0x8c, 0x86, 0x47, 0x00, 0xc0, 0x02, 0x40,
  0x00, 0x1b, 0xb7, 0x00, 0x40, 0x59, 0x73, 0x07, 0x00, 0x6c, 0xdc, 0x02,
  0x40, 0x42, 0x0f, 0x00, 0x01, 0x48, 0x04, 0x21, 0x01, 0x4b, 0x18, 0x47,
  0xd0, 0x05, 0x00, 0x20, 0xad, 0x21, 0x00, 0x10, 0x01, 0x4b, 0x9b, 0x68,
  0x18, 0x47, 0x00, 0x00, 0xd0, 0x05, 0x00, 0x20, 0x11, 0x4a, 0x93, 0x6f,
  0x9b, 0x08, 0x13, 0xd2, 0x10, 0x66, 0x51, 0x66, 0x00, 0x29, 0x05, 0xd0,
  0xff, 0xe7, 0xff, 0xe7, 0xff, 0xe7, 0x51, 0x6f, 0x10, 0x6f, 0x70, 0x47,
  0x04, 0xb5, 0x00, 0x28, 0x01, 0xd0, 0x00, 0x20, 0xc0, 0x43, 0x03, 0xf0,
  0xc5, 0xff, 0x00, 0x21, 0x04, 0xbd, 0xc0, 0x46, 0xf0, 0xb5, 0x14, 0x6e,
  0x55, 0x6e, 0x57, 0x6f, 0x16, 0x6f, 0xff, 0xf7, 0xe5, 0xff, 0x14, 0x66,
  0x55, 0x66, 0x57, 0x67, 0x16, 0x67, 0xf0, 0xbd, 0x00, 0x00, 0x00, 0xd0,
  0x13, 0x23, 0x70, 0xb5, 0x1d, 0x78, 0x01, 0x2d, 0x19, 0xd0, 0x14, 0xdd,
  0x1f, 0x48, 0xff, 0xf7, 0x4d, 0xfe, 0x06, 0x00, 0x1e, 0x48, 0xff, 0xf7,
  0x49, 0xfe, 0x1e, 0x4c, 0x80, 0x22, 0x31, 0x00, 0x20, 0x00, 0x00, 0xf0,
  0xc5, 0xf8, 0x02, 0x2d, 0x2d, 0xd0, 0x1b, 0x48, 0xff, 0xf7, 0x36, 0xfe,
  0x1a, 0x4b, 0x18, 0x60, 0x70, 0xbd, 0x1a, 0x4b, 0x16, 0x4c, 0xa3, 0x64,
  0xf5, 0xe7, 0x18, 0x4b, 0x14, 0x4c, 0x23, 0x60, 0x63, 0x60, 0xa3, 0x60,
  0xe3, 0x60, 0x23, 0x61, 0x63, 0x61, 0xa3, 0x61, 0xe3, 0x61, 0x23, 0x62,
  0x63, 0x62, 0xa3, 0x62, 0xe3, 0x62, 0x23, 0x63, 0x63, 0x63, 0xa3, 0x63,
  0xe3, 0x63, 0x23, 0x64, 0x63, 0x64, 0xa3, 0x64, 0xe3, 0x64, 0x23, 0x65,
  0x63, 0x65, 0xa3, 0x65, 0xe3, 0x65, 0x23, 0x66, 0x63, 0x66, 0xa3, 0x66,
  0xe3, 0x66, 0x23, 0x67, 0x63, 0x67, 0xa3, 0x67, 0xe3, 0x67, 0xa3, 0x64,
  0xd1, 0xe7, 0x06, 0x4b, 0xa3, 0x64, 0xce, 0xe7, 0x53, 0x44, 0x00, 0x00,
  0x53, 0x46, 0x00, 0x00, 0xa0, 0x07, 0x00, 0x20, 0x4c, 0x33, 0x00, 0x00,
  0x1c, 0x13, 0x00, 0x20, 0x95, 0x25, 0x00, 0x10, 0x07, 0xb5, 0x60, 0x46,
  0x01, 0x88, 0x0a, 0x0a, 0x02, 0x30, 0xdf, 0x2a, 0xfa, 0xd1, 0xc9, 0xb2,
  0x82, 0x08, 0x04, 0xd3, 0x02, 0x88, 0x40, 0x88, 0x00, 0x04, 0x10, 0x43,
  0x00, 0xe0, 0x00, 0x68, 0x01, 0x4a, 0x50, 0x50, 0x03, 0x90, 0x07, 0xbd,
  0xa0, 0x07, 0x00, 0x20, 0x51, 0x43, 0x43, 0x43, 0xc9, 0x18, 0x8c, 0x46,
  0x11, 0x0c, 0x83, 0xb2, 0x4b, 0x43, 0x10, 0xb4, 0x04, 0x0c, 0x61, 0x43,
  0x92, 0xb2, 0x80, 0xb2, 0x50, 0x43, 0x62, 0x43, 0x1c, 0x04, 0x1b, 0x0c,
  0x00, 0x19, 0x10, 0xbc, 0x59, 0x41, 0x13, 0x04, 0x12, 0x0c, 0xc0, 0x18,
  0x51, 0x41, 0x61, 0x44, 0x70, 0x47, 0x00, 0x00, 0x13, 0x23, 0x10, 0xb5,
  0x12, 0x48, 0x1c, 0x78, 0xff, 0xf7, 0xce, 0xfd, 0x01, 0x00, 0x01, 0x2c,
  0x0a, 0xd0, 0x03, 0xdd, 0x80, 0x22, 0x0f, 0x48, 0x00, 0xf0, 0x48, 0xf8,
  0x0e, 0x48, 0xff, 0xf7, 0xbb, 0xfd, 0x0e, 0x4b, 0x18, 0x60, 0x10, 0xbd,
  0x0a, 0x4c, 0x54, 0x22, 0x20, 0x00, 0x00, 0xf0, 0x3d, 0xf8, 0x0b, 0x4b,
  0x63, 0x65, 0xa3, 0x65, 0xe3, 0x65, 0x23, 0x66, 0x63, 0x66, 0xa3, 0x66,
  0xe3, 0x66, 0x23, 0x67, 0x63, 0x67, 0xa3, 0x67, 0xe3, 0x67, 0x23, 0x62,
  0xe3, 0x61, 0xe5, 0xe7, 0x53, 0x46, 0x00, 0x00, 0xa0, 0x08, 0x00, 0x20,
  0x4c, 0x33, 0x00, 0x00, 0x1c, 0x13, 0x00, 0x20, 0x59, 0x26, 0x00, 0x10,
  0x07, 0xb5, 0x60, 0x46, 0x01, 0x88, 0x0a, 0x0a, 0x02, 0x30, 0xdf, 0x2a,
  0xfa, 0xd1, 0xc9, 0xb2, 0x82, 0x08, 0x04, 0xd3, 0x02, 0x88, 0x40, 0x88,
  0x00, 0x04, 0x10, 0x43, 0x00, 0xe0, 0x00, 0x68, 0x01, 0x4a, 0x50, 0x50,
  0x03, 0x90, 0x07, 0xbd, 0xa0, 0x08, 0x00, 0x20, 0x01, 0x48, 0x04, 0x21,
  0x01, 0x4b, 0x18, 0x47, 0xe0, 0x05, 0x00, 0x20, 0xad, 0x21, 0x00, 0x10,
  0x01, 0x4b, 0x1b, 0x68, 0x18, 0x47, 0x00, 0x00, 0xe0, 0x05, 0x00, 0x20,
  0x01, 0x4b, 0x5b, 0x68, 0x18, 0x47, 0x00, 0x00, 0xe0, 0x05, 0x00, 0x20,
  0x10, 0xb5, 0x00, 0x28, 0x00, 0xd1, 0x10, 0xbd, 0x00, 0xf0, 0x08, 0xf9,
  0xfb, 0xe7, 0xc0, 0x46, 0x10, 0xb5, 0x09, 0x4a, 0x03, 0x00, 0x14, 0x68,
  0x84, 0xb0, 0x00, 0x2c, 0x08, 0xd0, 0x01, 0x22, 0x00, 0x91, 0x06, 0x48,
  0x52, 0x42, 0x03, 0xa9, 0xa0, 0x47, 0x01, 0x20, 0x04, 0xb0, 0x10, 0xbd,
  0x00, 0xf0, 0x40, 0xf9, 0x00, 0x20, 0xf9, 0xe7, 0xe8, 0x12, 0x00, 0x20,
  0xad, 0x26, 0x00, 0x10, 0x00, 0xbe, 0xfd, 0xe7, 0x10, 0xb5, 0xff, 0xf7,
  0xfb, 0xff, 0xc0, 0x46, 0x70, 0xb5, 0xff, 0xf7, 0x95, 0xfd, 0x07, 0x4d,
  0x07, 0x4e, 0xb5, 0x42, 0x09, 0xd2, 0x00, 0x24, 0x01, 0x3e, 0x76, 0x1b,
  0xb6, 0x08, 0x08, 0xcd, 0x98, 0x47, 0x23, 0x00, 0x01, 0x34, 0xb3, 0x42,
  0xf9, 0xd1, 0x70, 0xbd, 0xd4, 0x64, 0x00, 0x10, 0xdc, 0x64, 0x00, 0x10,
  0x03, 0x00, 0x10, 0xb5, 0x08, 0x00, 0x11, 0x00, 0x1b, 0x68, 0x98, 0x47,
  0x10, 0xbd, 0xc0, 0x46, 0xf0, 0xb5, 0xc6, 0x46, 0x00, 0xb5, 0x43, 0x7d,
  0x07, 0x00, 0x0d, 0x00, 0x16, 0x00, 0x00, 0x2b, 0x38, 0xd0, 0x00, 0x2a,
  0x2e, 0xdd, 0x00, 0x21, 0x6a, 0x1e, 0x90, 0x46, 0x6a, 0x5c, 0x03, 0x7d,
  0x4c, 0x1c, 0x00, 0x20, 0x0a, 0x2a, 0x0c, 0xd0, 0xa6, 0x42, 0x16, 0xd0,
  0x43, 0x46, 0x1b, 0x5d, 0x21, 0x00, 0x0d, 0x3b, 0x5a, 0x42, 0x53, 0x41,
  0x6a, 0x5c, 0xdb, 0xb2, 0x4c, 0x1c, 0x0a, 0x2a, 0xf2, 0xd1, 0x00, 0x2b,
  0xf0, 0xd1, 0x88, 0x42, 0x17, 0xdb, 0x02, 0x21, 0x10, 0x48, 0x3b, 0x68,
  0x98, 0x47, 0xa6, 0x42, 0x07, 0xd0, 0x20, 0x00, 0xe8, 0xe7, 0x86, 0x42,
  0x03, 0xdd, 0x31, 0x1a, 0x3b, 0x68, 0x28, 0x18, 0x98, 0x47, 0xad, 0x19,
  0x01, 0x3d, 0x2b, 0x78, 0x0d, 0x3b, 0x5a, 0x42, 0x53, 0x41, 0x3b, 0x75,
  0x80, 0xbc, 0xb8, 0x46, 0xf0, 0xbd, 0x09, 0x1a, 0x3b, 0x68, 0x28, 0x18,
  0x98, 0x47, 0xe2, 0xe7, 0x03, 0x68, 0x11, 0x00, 0x28, 0x00, 0x98, 0x47,
  0xf2, 0xe7, 0xc0, 0x46, 0x74, 0x6a, 0x00, 0x10, 0xf0, 0xb5, 0xde, 0x46,
  0x57, 0x46, 0x4e, 0x46, 0x45, 0x46, 0xe0, 0xb5, 0x85, 0xb0, 0x17, 0x00,
  0x1c, 0x00, 0x06, 0x00, 0x0d, 0x00, 0xff, 0xf7, 0x77, 0xf9, 0x00, 0x23,
  0x31, 0x4a, 0x12, 0x18, 0x4b, 0x41, 0x80, 0x21, 0x09, 0x06, 0x8b, 0x42,
  0x02, 0xd3, 0x01, 0x22, 0x2e, 0x4b, 0x52, 0x42, 0x2e, 0x49, 0x08, 0x00,
  0x8a, 0x46, 0x03, 0xf0, 0x3b, 0xfe, 0x01, 0x90, 0x6b, 0x1c, 0x03, 0xd1,
  0x30, 0x00, 0x03, 0xf0, 0xe3, 0xfd, 0x05, 0x00, 0x00, 0x2c, 0x26, 0xd0,
  0x28, 0x4b, 0x98, 0x46, 0x28, 0x4b, 0x1c, 0x68, 0x00, 0x2c, 0x15, 0xd0,
  0x00, 0x2f, 0x21, 0xd1, 0x26, 0x4f, 0x02, 0xe0, 0x24, 0x69, 0x00, 0x2c,
  0x0e, 0xd0, 0x23, 0x68, 0x00, 0x2b, 0xf9, 0xd0, 0x3b, 0x68, 0x00, 0x2b,
  0x01, 0xd0, 0x9c, 0x42, 0xf4, 0xd1, 0x20, 0x00, 0x2a, 0x00, 0x31, 0x00,
  0xc0, 0x47, 0x24, 0x69, 0x00, 0x2c, 0xf0, 0xd1, 0x01, 0x9b, 0x00, 0x2b,
  0x28, 0xd1, 0x28, 0x00, 0x05, 0xb0, 0xf0, 0xbc, 0xbb, 0x46, 0xb2, 0x46,
  0xa9, 0x46, 0xa0, 0x46, 0xf0, 0xbd, 0x18, 0x4b, 0x98, 0x46, 0xd7, 0xe7,
  0x15, 0x4b, 0x99, 0x46, 0x02, 0xab, 0xdf, 0x1d, 0x0a, 0x23, 0x9b, 0x46,
  0x02, 0xe0, 0x24, 0x69, 0x00, 0x2c, 0xe7, 0xd0, 0x23, 0x68, 0x00, 0x2b,
  0xf9, 0xd0, 0x4b, 0x46, 0x1b, 0x68, 0x00, 0x2b, 0x01, 0xd0, 0xa3, 0x42,
  0xf3, 0xd1, 0x2a, 0x00, 0x31, 0x00, 0x20, 0x00, 0xc0, 0x47, 0x5b, 0x46,
  0x01, 0x22, 0x39, 0x00, 0x20, 0x00, 0x3b, 0x70, 0xc0, 0x47, 0xe8, 0xe7,
  0x50, 0x46, 0x03, 0xf0, 0xcf, 0xfd, 0xd2, 0xe7, 0x40, 0x42, 0x0f, 0x00,
  0xff, 0xff, 0xff, 0x7f, 0x18, 0x06, 0x00, 0x20, 0x35, 0x27, 0x00, 0x10,
  0xc0, 0x10, 0x00, 0x20, 0xc4, 0x12, 0x00, 0x20, 0x25, 0x27, 0x00, 0x10,
  0xf0, 0xb5, 0xce, 0x46, 0x47, 0x46, 0x80, 0xb5, 0x83, 0xb0, 0x6b, 0x46,
  0x06, 0x00, 0xdd, 0x1d, 0x28, 0x70, 0xff, 0xf7, 0xf9, 0xf8, 0x00, 0x23,
  0x1a, 0x4a, 0x12, 0x18, 0x4b, 0x41, 0x80, 0x21, 0x09, 0x06, 0x8b, 0x42,
  0x02, 0xd3, 0x01, 0x22, 0x17, 0x4b, 0x52, 0x42, 0x17, 0x49, 0x08, 0x00,
  0x88, 0x46, 0x03, 0xf0, 0xbd, 0xfd, 0x16, 0x4b, 0x81, 0x46, 0x1c, 0x68,
  0x00, 0x2c, 0x14, 0xd0, 0x14, 0x4f, 0x02, 0xe0, 0x24, 0x69, 0x00, 0x2c,
  0x0f, 0xd0, 0x23, 0x68, 0x00, 0x2b, 0xf9, 0xd0, 0x3b, 0x68, 0x00, 0x2b,
  0x01, 0xd0, 0x9c, 0x42, 0xf4, 0xd1, 0x20, 0x00, 0x01, 0x22, 0x29, 0x00,
  0xff, 0xf7, 0x04, 0xff, 0x24, 0x69, 0x00, 0x2c, 0xef, 0xd1, 0x4b, 0x46,
  0x00, 0x2b, 0x05, 0xd1, 0x30, 0x00, 0x03, 0xb0, 0xc0, 0xbc, 0xb9, 0x46,
  0xb0, 0x46, 0xf0, 0xbd, 0x40, 0x46, 0x03, 0xf0, 0x7f, 0xfd, 0xf5, 0xe7,
  0x40, 0x42, 0x0f, 0x00, 0xff, 0xff, 0xff, 0x7f, 0x18, 0x06, 0x00, 0x20,
  0xc0, 0x10, 0x00, 0x20, 0xc4, 0x12, 0x00, 0x20, 0x70, 0xb5, 0x04, 0x00,
  0x03, 0xf0, 0x36, 0xfd, 0x01, 0x23, 0x01, 0x00, 0x05, 0x00, 0x01, 0x22,
  0x20, 0x00, 0xff, 0xf7, 0x29, 0xff, 0x08, 0x4b, 0x1c, 0x68, 0x00, 0x2c,
  0x06, 0xd0, 0x63, 0x68, 0x00, 0x2b, 0x05, 0xd0, 0x98, 0x47, 0x24, 0x69,
  0x00, 0x2c, 0xf8, 0xd1, 0x28, 0x00, 0x70, 0xbd, 0x24, 0x69, 0x00, 0x2c,
  0xf3, 0xd1, 0xf9, 0xe7, 0xc0, 0x10, 0x00, 0x20, 0x03, 0xbd, 0xc0, 0x46,
  0x10, 0xb5, 0x04, 0x00, 0xff, 0xf7, 0x54, 0xfc, 0xa0, 0x47, 0x10, 0xbd,
  0xf0, 0xb5, 0x04, 0x00, 0x87, 0xb0, 0x0f, 0x20, 0x0e, 0x00, 0x17, 0x00,
  0xfe, 0xf7, 0x0a, 0xfa, 0x00, 0x21, 0x05, 0x00, 0x0f, 0x20, 0xfe, 0xf7,
  0xf3, 0xf9, 0x00, 0x23, 0x00, 0x22, 0x00, 0x92, 0x01, 0x93, 0x01, 0x23,
  0x02, 0x93, 0xd0, 0x23, 0x04, 0x96, 0x05, 0x94, 0x00, 0x26, 0x00, 0x24,
  0x01, 0x21, 0x02, 0x20, 0x03, 0x97, 0x1b, 0x06, 0x00, 0x2c, 0x14, 0xd0,
  0x1a, 0x6d, 0x10, 0x42, 0xfc, 0xd0, 0x5c, 0x65, 0x40, 0xbf, 0x1a, 0x6d,
  0x11, 0x42, 0x03, 0xd1, 0x20, 0xbf, 0x1a, 0x6d, 0x11, 0x42, 0xfb, 0xd0,
  0x9a, 0x6d, 0xa2, 0x42, 0x0a, 0xd0, 0x00, 0x26, 0x6c, 0x46, 0xb2, 0x00,
  0xa4, 0x58, 0xe9, 0xe7, 0x9a, 0x6d, 0x1a, 0x6d, 0x11, 0x42, 0xfb, 0xd1,
  0x40, 0xbf, 0xe5, 0xe7, 0x01, 0x36, 0x06, 0x2e, 0xf2, 0xd1, 0x29, 0x00,
  0x0f, 0x20, 0xfe, 0xf7, 0xc1, 0xf9, 0x07, 0xb0, 0xf0, 0xbd, 0xc0, 0x46,
  0x0d, 0x4b, 0x0e, 0x4a, 0x70, 0xb5, 0x93, 0x42, 0x10, 0xd3, 0x1c, 0x00,
  0x0c, 0x4a, 0x99, 0x18, 0x0b, 0x4d, 0x0c, 0x4a, 0x92, 0x68, 0x60, 0x51,
  0xff, 0x20, 0xc0, 0x00, 0x23, 0x50, 0x0a, 0x4b, 0x0a, 0x48, 0x23, 0x50,
  0x0a, 0x48, 0xff, 0xf7, 0xa9, 0xff, 0x70, 0xbd, 0x01, 0x23, 0x5b, 0x42,
  0x1c, 0x00, 0x08, 0x49, 0xec, 0xe7, 0xc0, 0x46, 0x00, 0x08, 0x04, 0x20,
  0x00, 0x00, 0x04, 0x20, 0xf4, 0x07, 0x00, 0x00, 0x00, 0xed, 0x00, 0xe0,
  0xa1, 0x29, 0x00, 0x10, 0xfc, 0x07, 0x00, 0x00, 0x9d, 0x29, 0x00, 0x10,
  0xf3, 0x07, 0x00, 0x00, 0xf0, 0xb5, 0x57, 0x46, 0xde, 0x46, 0x4e, 0x46,
  0x45, 0x46, 0x88, 0x46, 0xe0, 0xb5, 0x83, 0xb0, 0x06, 0x00, 0x05, 0x24,
  0xfe, 0xf7, 0xc2, 0xf8, 0x43, 0x46, 0x84, 0x46, 0x1c, 0x57, 0x18, 0x79,
  0x36, 0x4b, 0x37, 0x4a, 0xf3, 0x18, 0x1b, 0x0d, 0x9b, 0x00, 0x92, 0x46,
  0xd7, 0x58, 0x01, 0x22, 0x82, 0x40, 0x01, 0x3a, 0x00, 0x2c, 0x42, 0xdb,
  0x20, 0x21, 0x09, 0x1a, 0x8c, 0x42, 0x3b, 0xdc, 0x11, 0x00, 0xa1, 0x40,
  0x25, 0x00, 0x0f, 0x42, 0x36, 0xd1, 0x41, 0x46, 0x09, 0x68, 0x89, 0x46,
  0x41, 0x46, 0x89, 0x79, 0x00, 0x29, 0x4d, 0xd1, 0xaa, 0x40, 0x93, 0x46,
  0x3a, 0x42, 0x3f, 0xd1, 0x80, 0x21, 0x89, 0x01, 0x00, 0x22, 0x88, 0x46,
  0x00, 0x28, 0x16, 0xd0, 0x61, 0x46, 0xa4, 0x46, 0x34, 0x00, 0x4e, 0x46,
  0x99, 0x46, 0x03, 0x00, 0x01, 0x91, 0x51, 0x00, 0x70, 0x5a, 0x40, 0x45,
  0x00, 0xd2, 0x40, 0x19, 0x51, 0x19, 0x12, 0x31, 0x89, 0x00, 0x01, 0x32,
  0x08, 0x51, 0x93, 0x42, 0xf3, 0xd8, 0x01, 0x9b, 0x64, 0x46, 0x9c, 0x46,
  0x4b, 0x46, 0x5a, 0x46, 0x17, 0x43, 0x52, 0x46, 0xd7, 0x50, 0x60, 0x46,
  0xfe, 0xf7, 0x86, 0xf8, 0x20, 0x00, 0x03, 0xb0, 0xf0, 0xbc, 0xbb, 0x46,
  0xb2, 0x46, 0xa9, 0x46, 0xa0, 0x46, 0xf0, 0xbd, 0x01, 0x24, 0x64, 0x42,
  0xf1, 0xe7, 0x20, 0x24, 0x24, 0x1a, 0x0d, 0xd4, 0x11, 0x00, 0xa1, 0x40,
  0x25, 0x00, 0x8b, 0x46, 0x39, 0x42, 0x05, 0xd1, 0x09, 0xe0, 0x11, 0x00,
  0xa1, 0x40, 0x25, 0x00, 0x0f, 0x42, 0xb6, 0xd0, 0x01, 0x3c, 0xf8, 0xd2,
  0x09, 0x24, 0x64, 0x42, 0xdd, 0xe7, 0x42, 0x46, 0x12, 0x68, 0x91, 0x46,
  0x42, 0x46, 0x92, 0x79, 0x00, 0x2a, 0xb5, 0xd0, 0x14, 0x24, 0x64, 0x42,
  0xd3, 0xe7, 0xc0, 0x46, 0x00, 0x00, 0xe0, 0xaf, 0x88, 0x0f, 0x00, 0x20,
  0xf0, 0xb5, 0xde, 0x46, 0x57, 0x46, 0x4e, 0x46, 0x45, 0x46, 0xe0, 0xb5,
  0x16, 0x00, 0xdc, 0x22, 0x92, 0x46, 0x85, 0xb0, 0x1c, 0x00, 0x4b, 0x00,
  0x02, 0x93, 0x5b, 0x18, 0xdb, 0x00, 0xc5, 0x18, 0xaa, 0x44, 0x52, 0x46,
  0x83, 0x46, 0x28, 0x00, 0x12, 0x68, 0xcc, 0x30, 0x00, 0x92, 0x02, 0x68,
  0x2b, 0x00, 0x01, 0x92, 0x1b, 0x4a, 0x80, 0x20, 0x94, 0x46, 0x80, 0x02,
  0x63, 0x44, 0x18, 0x60, 0x00, 0x2c, 0x1d, 0xd0, 0x80, 0x23, 0xdb, 0x04,
  0x99, 0x46, 0x01, 0x23, 0xd8, 0x35, 0x98, 0x46, 0x2b, 0x00, 0xe0, 0x27,
  0x55, 0x46, 0x9a, 0x46, 0x3f, 0x02, 0x03, 0x91, 0x20, 0x00, 0xff, 0xf7,
  0x55, 0xfc, 0x4a, 0x46, 0x43, 0x01, 0x13, 0x43, 0x2b, 0x60, 0x33, 0x00,
  0x42, 0x46, 0xc3, 0x40, 0x13, 0x40, 0x52, 0x46, 0x3b, 0x43, 0x13, 0x60,
  0x63, 0x1e, 0x1c, 0x40, 0xee, 0xd1, 0x03, 0x99, 0x02, 0x9b, 0x5b, 0x18,
  0xdb, 0x00, 0x5b, 0x44, 0x1a, 0x00, 0x00, 0x99, 0xdc, 0x32, 0x11, 0x60,
  0x01, 0x9a, 0xcc, 0x33, 0x1a, 0x60, 0x05, 0xb0, 0xf0, 0xbc, 0xbb, 0x46,
  0xb2, 0x46, 0xa9, 0x46, 0xa0, 0x46, 0xf0, 0xbd, 0xcc, 0x30, 0x00, 0x00,
  0xf0, 0xb5, 0x4e, 0x46, 0x45, 0x46, 0xde, 0x46, 0x57, 0x46, 0xe0, 0xb5,
  0x83, 0xb0, 0x89, 0x46, 0x0c, 0xa9, 0x84, 0x46, 0x0d, 0x78, 0x1f, 0x2a,
  0x45, 0xd8, 0x49, 0x46, 0x49, 0x00, 0x88, 0x46, 0x49, 0x44, 0xc9, 0x00,
  0x46, 0x18, 0x37, 0x00, 0x34, 0x00, 0xdc, 0x37, 0x38, 0x68, 0xcc, 0x34,
  0x83, 0x46, 0x20, 0x68, 0x31, 0x00, 0x01, 0x90, 0x1c, 0x48, 0x80, 0x24,
  0x82, 0x46, 0xa4, 0x02, 0x51, 0x44, 0x0c, 0x60, 0x69, 0x42, 0x4d, 0x41,
  0x1e, 0x21, 0x6d, 0x42, 0x8d, 0x43, 0x18, 0x49, 0x8a, 0x46, 0x55, 0x44,
  0x05, 0x2b, 0x0c, 0xd9, 0xa0, 0x20, 0x1f, 0x21, 0x40, 0x05, 0xd8, 0x36,
  0x54, 0x01, 0x04, 0x43, 0x05, 0x32, 0x05, 0x3b, 0x3c, 0x60, 0x0a, 0x40,
  0x35, 0x60, 0x05, 0x2b, 0xf6, 0xd8, 0x52, 0x01, 0x9b, 0x06, 0x13, 0x43,
  0x42, 0x46, 0x4a, 0x44, 0xd2, 0x00, 0x62, 0x44, 0x10, 0x00, 0xdc, 0x32,
  0x13, 0x60, 0x03, 0x00, 0xd8, 0x33, 0x1d, 0x60, 0x5b, 0x46, 0x13, 0x60,
  0x01, 0x9b, 0xcc, 0x30, 0x03, 0x60, 0x00, 0x20, 0x03, 0xb0, 0xf0, 0xbc,
  0xbb, 0x46, 0xb2, 0x46, 0xa9, 0x46, 0xa0, 0x46, 0xf0, 0xbd, 0x05, 0x20,
  0x40, 0x42, 0xf5, 0xe7, 0xcc, 0x30, 0x00, 0x00, 0x9f, 0xe0, 0x00, 0x00,
  0xf0, 0xb5, 0x01, 0x25, 0x8d, 0x40, 0x04, 0x68, 0xac, 0x43, 0x04, 0x60,
  0x00, 0x2b, 0x2e, 0xd0, 0x4d, 0x00, 0x6c, 0x18, 0xe4, 0x00, 0x04, 0x19,
  0x26, 0x00, 0x1f, 0x68, 0xc8, 0x36, 0x37, 0x60, 0x9f, 0x68, 0x04, 0x36,
  0x77, 0x60, 0x5f, 0x68, 0xdb, 0x68, 0xdc, 0x34, 0x37, 0x60, 0x23, 0x60,
  0x6b, 0x18, 0x18, 0x4d, 0xdb, 0x00, 0xac, 0x46, 0x80, 0x25, 0xc4, 0x18,
  0x64, 0x44, 0x2d, 0x06, 0x25, 0x60, 0x25, 0x60, 0x14, 0x4c, 0x0d, 0x1d,
  0x8c, 0x40, 0x84, 0x60, 0x01, 0x24, 0x26, 0x00, 0xae, 0x40, 0x80, 0x25,
  0x08, 0x31, 0x8c, 0x40, 0x1f, 0x21, 0xad, 0x01, 0x45, 0x19, 0xc0, 0x18,
  0x0a, 0x40, 0xd8, 0x30, 0x2e, 0x60, 0x2c, 0x60, 0x02, 0x60, 0x00, 0x20,
  0xf0, 0xbd, 0x4d, 0x00, 0x6c, 0x18, 0xe4, 0x00, 0x04, 0x19, 0x26, 0x00,
  0x80, 0x27, 0xc8, 0x36, 0x7f, 0x02, 0x37, 0x60, 0xc0, 0x27, 0x3f, 0x03,
  0xb7, 0x60, 0xf8, 0x27, 0x04, 0x36, 0x7f, 0x02, 0xdc, 0x34, 0x37, 0x60,
  0x23, 0x60, 0xcd, 0xe7, 0xd0, 0x10, 0x00, 0x00, 0x01, 0x01, 0x01, 0x01,
  0x10, 0xb5, 0x02, 0x48, 0x00, 0xf0, 0x04, 0xf8, 0x10, 0xbd, 0xc0, 0x46,
  0x14, 0x13, 0x00, 0x20, 0x10, 0xb5, 0x88, 0xb0, 0x04, 0x00, 0x0d, 0x22,
  0x00, 0x21, 0x68, 0x46, 0xff, 0xf7, 0x78, 0xfc, 0x0d, 0x22, 0x00, 0x21,
  0x04, 0xa8, 0xff, 0xf7, 0x73, 0xfc, 0x4b, 0x23, 0x6a, 0x46, 0x68, 0x46,
  0x13, 0x70, 0x04, 0xa9, 0x0d, 0x22, 0x03, 0xf0, 0x3d, 0xfb, 0x15, 0x21,
  0x08, 0x22, 0x20, 0x00, 0x69, 0x44, 0xff, 0xf7, 0x6b, 0xfc, 0x08, 0xb0,
  0x10, 0xbd, 0xc0, 0x46, 0xf0, 0xb5, 0x98, 0x23, 0x57, 0x46, 0xde, 0x46,
  0x4e, 0x46, 0x45, 0x46, 0xc9, 0x4a, 0xe0, 0xb5, 0xd7, 0x58, 0x97, 0x3b,
  0x1c, 0x00, 0x8d, 0xb0, 0x3c, 0x40, 0x3b, 0x42, 0x00, 0xd1, 0xd8, 0xe0,
  0x13, 0x6d, 0x9b, 0x05, 0x9b, 0x0f, 0x00, 0xd0, 0x02, 0xe1, 0x80, 0x22,
  0x08, 0xa9, 0x52, 0x00, 0x8a, 0x80, 0x0b, 0x81, 0x09, 0xa8, 0x01, 0x21,
  0x03, 0xf0, 0x3e, 0xfb, 0xc0, 0x22, 0xbe, 0x4b, 0x92, 0x00, 0x1a, 0x65,
  0x49, 0x22, 0x92, 0x46, 0x40, 0x3a, 0x91, 0x46, 0x48, 0x32, 0x93, 0x46,
  0x08, 0x32, 0x00, 0x92, 0x40, 0x3a, 0x02, 0x92, 0x08, 0x3a, 0x01, 0x92,
  0xb7, 0x4a, 0x41, 0x23, 0x07, 0x92, 0xb7, 0x4a, 0xb7, 0x4e, 0x06, 0x92,
  0xb7, 0x4a, 0xb8, 0x4d, 0x05, 0x92, 0xb8, 0x4a, 0x04, 0x92, 0xb8, 0x4a,
  0x03, 0x92, 0xb8, 0x4a, 0x90, 0x46, 0x7a, 0x05, 0x00, 0xd4, 0xc9, 0xe0,
  0x80, 0x22, 0xad, 0x4b, 0xb5, 0x48, 0x92, 0x05, 0x1a, 0x65, 0x43, 0x7f,
  0x09, 0xac, 0x9b, 0x46, 0x83, 0x78, 0x9a, 0x46, 0xc3, 0x8a, 0x99, 0x46,
  0x00, 0xf0, 0x38, 0xff, 0x08, 0x22, 0x00, 0x21, 0x20, 0x00, 0xff, 0xf7,
  0x0f, 0xfc, 0x5a, 0x46, 0x02, 0x23, 0xa2, 0x70, 0x52, 0x46, 0x63, 0x70,
  0x63, 0x71, 0x4b, 0x46, 0x22, 0x71, 0x20, 0x00, 0x01, 0x21, 0x0b, 0x93,
  0x03, 0xf0, 0xfc, 0xfa, 0x06, 0x9a, 0x2c, 0x00, 0x92, 0x46, 0x05, 0x9a,
  0x07, 0x9b, 0x91, 0x46, 0x04, 0x9a, 0x01, 0x96, 0x93, 0x46, 0x03, 0x9a,
  0x00, 0x92, 0x42, 0x46, 0x02, 0x92, 0xfa, 0x06, 0x00, 0xd4, 0x9c, 0xe0,
  0x94, 0x4b, 0x9d, 0x6d, 0x01, 0x23, 0x2b, 0x42, 0x00, 0xd0, 0xec, 0xe0,
  0x00, 0x2d, 0x35, 0xd0, 0x01, 0x23, 0x9b, 0x4e, 0x9a, 0x46, 0x90, 0x4b,
  0xb8, 0x46, 0x03, 0x24, 0x37, 0x00, 0x99, 0x46, 0x2e, 0x00, 0x0a, 0xe0,
  0x55, 0x46, 0xa5, 0x40, 0x35, 0x42, 0x18, 0xd1, 0x1f, 0x2c, 0x21, 0xd0,
  0x02, 0x34, 0x20, 0x37, 0x00, 0x2e, 0x00, 0xd1, 0xcd, 0xe0, 0x55, 0x46,
  0x63, 0x1e, 0x9d, 0x40, 0x35, 0x42, 0xef, 0xd0, 0x4b, 0x46, 0x38, 0x00,
  0x9d, 0x65, 0x01, 0xf0, 0x0b, 0xf8, 0x00, 0x28, 0x00, 0xd0, 0x86, 0xe0,
  0xae, 0x43, 0x55, 0x46, 0xa5, 0x40, 0x35, 0x42, 0xe6, 0xd0, 0x4b, 0x46,
  0x38, 0x00, 0x9d, 0x65, 0x00, 0xf0, 0xfe, 0xff, 0x00, 0x28, 0x00, 0xd0,
  0x96, 0xe0, 0xae, 0x43, 0x1f, 0x2c, 0xdd, 0xd1, 0x47, 0x46, 0x00, 0x2e,
  0x00, 0xd0, 0xe7, 0xe0, 0x00, 0x9a, 0x5b, 0x46, 0x92, 0x46, 0x02, 0x9a,
  0x01, 0x9c, 0x91, 0x46, 0x08, 0x25, 0x3d, 0x42, 0x22, 0xd0, 0x80, 0x22,
  0x02, 0x26, 0x71, 0x4b, 0xd2, 0x02, 0x1a, 0x65, 0x6e, 0x4b, 0xdb, 0x6c,
  0x1e, 0x42, 0x17, 0xd0, 0x76, 0x48, 0x09, 0xac, 0x43, 0x7f, 0xc5, 0x82,
  0x9b, 0x46, 0x83, 0x78, 0x98, 0x46, 0x00, 0xf0, 0xbd, 0xfe, 0x00, 0x21,
  0x08, 0x22, 0x20, 0x00, 0xff, 0xf7, 0x94, 0xfb, 0x5b, 0x46, 0xa3, 0x70,
  0x43, 0x46, 0x66, 0x70, 0x23, 0x71, 0x01, 0x21, 0x20, 0x00, 0x0b, 0x95,
  0x03, 0xf0, 0x84, 0xfa, 0x53, 0x46, 0x4c, 0x46, 0x7a, 0x06, 0x35, 0xd4,
  0xbb, 0x06, 0x00, 0xd5, 0xaa, 0xe0, 0xbc, 0x42, 0x00, 0xd0, 0xae, 0xe0,
  0x0d, 0xb0, 0xf0, 0xbc, 0xbb, 0x46, 0xb2, 0x46, 0xa9, 0x46, 0xa0, 0x46,
  0xf0, 0xbd, 0x48, 0x22, 0x92, 0x46, 0x40, 0x3a, 0x91, 0x46, 0x48, 0x32,
  0x93, 0x46, 0x08, 0x32, 0x00, 0x92, 0x40, 0x3a, 0x02, 0x92, 0x08, 0x3a,
  0x01, 0x92, 0x88, 0x22, 0x82, 0x26, 0x80, 0x25, 0xd2, 0x00, 0x07, 0x92,
  0x08, 0x32, 0x06, 0x92, 0x40, 0x3a, 0x05, 0x92, 0x48, 0x32, 0x04, 0x92,
  0x08, 0x32, 0x03, 0x92, 0x40, 0x3a, 0x40, 0x23, 0x90, 0x46, 0xf6, 0x00,
  0xed, 0x00, 0x7a, 0x05, 0x00, 0xd5, 0x35, 0xe7, 0xfa, 0x06, 0x00, 0xd5,
  0x62, 0xe7, 0x08, 0x25, 0x3d, 0x42, 0xa6, 0xd1, 0x7a, 0x06, 0xc9, 0xd5,
  0x80, 0x21, 0x44, 0x4a, 0x09, 0x05, 0x1c, 0x00, 0x11, 0x65, 0xc3, 0xe7,
  0x00, 0x23, 0x08, 0xaa, 0x01, 0x21, 0x93, 0x80, 0x13, 0x81, 0x09, 0xa8,
  0x03, 0xf0, 0x3c, 0xfa, 0xfc, 0xe6, 0x7b, 0x7f, 0xba, 0x78, 0xf9, 0x8a,
  0x38, 0x00, 0x03, 0x93, 0x04, 0x92, 0x05, 0x91, 0x00, 0xf0, 0x5c, 0xfe,
  0x08, 0x22, 0x00, 0x21, 0x09, 0xa8, 0xff, 0xf7, 0x33, 0xfb, 0x02, 0x23,
  0x08, 0xa8, 0x43, 0x71, 0x05, 0x99, 0x03, 0x9b, 0x04, 0x9a, 0x83, 0x71,
  0x02, 0x72, 0x0b, 0x91, 0x09, 0xa8, 0x01, 0x21, 0x03, 0xf0, 0x20, 0xfa,
  0xae, 0x43, 0x5c, 0xe7, 0x7b, 0x7f, 0xba, 0x78, 0xf9, 0x8a, 0x38, 0x00,
  0x03, 0x93, 0x04, 0x92, 0x05, 0x91, 0x00, 0xf0, 0x3f, 0xfe, 0x08, 0x22,
  0x00, 0x21, 0x09, 0xa8, 0xff, 0xf7, 0x16, 0xfb, 0x02, 0x23, 0x08, 0xa8,
  0x43, 0x71, 0x05, 0x99, 0x03, 0x9b, 0x04, 0x9a, 0x83, 0x71, 0x02, 0x72,
  0x0b, 0x91, 0x09, 0xa8, 0x01, 0x21, 0x03, 0xf0, 0x03, 0xfa, 0xae, 0x43,
  0x4c, 0xe7, 0x00, 0x9a, 0x47, 0x46, 0x92, 0x46, 0x02, 0x9a, 0x5b, 0x46,
  0x91, 0x46, 0x01, 0x9c, 0x50, 0xe7, 0x25, 0x4c, 0x62, 0x68, 0x20, 0x00,
  0x12, 0x68, 0x1a, 0x4a, 0x93, 0x65, 0x00, 0xf0, 0x37, 0xff, 0x00, 0x28,
  0x02, 0xd1, 0x01, 0x23, 0x9d, 0x43, 0x05, 0xe7, 0x63, 0x7f, 0xe6, 0x8a,
  0x99, 0x46, 0xa3, 0x78, 0x20, 0x00, 0x09, 0xac, 0x98, 0x46, 0x00, 0xf0,
  0x0d, 0xfe, 0x08, 0x22, 0x00, 0x21, 0x20, 0x00, 0xff, 0xf7, 0xe4, 0xfa,
  0x02, 0x23, 0x63, 0x70, 0x4b, 0x46, 0xa3, 0x70, 0x43, 0x46, 0x01, 0x21,
  0x23, 0x71, 0x20, 0x00, 0x0b, 0x96, 0x03, 0xf0, 0xd3, 0xf9, 0xe2, 0xe7,
  0x80, 0x22, 0x08, 0x4b, 0x12, 0x06, 0x12, 0x48, 0x1a, 0x65, 0xfd, 0xf7,
  0x81, 0xfd, 0x21, 0x00, 0x10, 0x48, 0x79, 0x40, 0xfd, 0xf7, 0x7c, 0xfd,
  0x31, 0x00, 0x0f, 0x48, 0xfd, 0xf7, 0x78, 0xfd, 0x00, 0x00, 0x11, 0x50,
  0x00, 0x30, 0x11, 0x50, 0x41, 0x04, 0x00, 0x00, 0x49, 0x04, 0x00, 0x00,
  0x11, 0x04, 0x00, 0x00, 0x09, 0x04, 0x00, 0x00, 0x01, 0x04, 0x00, 0x00,
  0x51, 0x04, 0x00, 0x00, 0x59, 0x04, 0x00, 0x00, 0x19, 0x04, 0x00, 0x00,
  0xc4, 0x10, 0x00, 0x20, 0xe4, 0x10, 0x00, 0x20, 0x5c, 0x69, 0x00, 0x10,
  0x70, 0x69, 0x00, 0x10, 0x44, 0x69, 0x00, 0x10, 0x70, 0xb5, 0x00, 0xf0,
  0xab, 0xfd, 0x0c, 0x23, 0x0d, 0x4c, 0x0e, 0x4d, 0xa3, 0x67, 0x29, 0x00,
  0x05, 0x20, 0xfd, 0xf7, 0x6d, 0xff, 0x29, 0x00, 0xff, 0x22, 0x05, 0x20,
  0xfd, 0xf7, 0x6e, 0xfe, 0x80, 0x22, 0x00, 0x21, 0x92, 0x00, 0x08, 0x48,
  0xff, 0xf7, 0x94, 0xfa, 0x03, 0x23, 0x23, 0x64, 0x06, 0x4b, 0x07, 0x4a,
  0xe3, 0x64, 0x90, 0x23, 0x01, 0x20, 0xe2, 0x50, 0x70, 0xbd, 0xc0, 0x46,
  0x00, 0x00, 0x11, 0x50, 0xd1, 0x2d, 0x00, 0x10, 0xc4, 0x10, 0x00, 0x20,
  0x00, 0x86, 0x00, 0x20, 0x7b, 0x04, 0x00, 0x00, 0x70, 0x47, 0xc0, 0x46,
  0x70, 0x47, 0xc0, 0x46, 0x04, 0x4b, 0x18, 0x6d, 0xc0, 0x23, 0x9b, 0x00,
  0x18, 0x40, 0x43, 0x1e, 0x98, 0x41, 0xc0, 0xb2, 0x70, 0x47, 0xc0, 0x46,
  0x00, 0x00, 0x11, 0x50, 0x06, 0x4b, 0x10, 0xb5, 0x18, 0x6d, 0x80, 0x05,
  0x80, 0x0f, 0x01, 0x28, 0x02, 0xd0, 0x02, 0x28, 0x01, 0xd1, 0x00, 0x20,
  0x10, 0xbd, 0x02, 0x48, 0xfd, 0xf7, 0x12, 0xfd, 0x00, 0x00, 0x11, 0x50,
  0x84, 0x69, 0x00, 0x10, 0x70, 0xb5, 0x0d, 0x1e, 0x50, 0xd0, 0x3d, 0x23,
  0xdb, 0x4c, 0xe3, 0x5c, 0x8b, 0x42, 0x00, 0xd1, 0x0e, 0xe2, 0x5d, 0x23,
  0xe3, 0x5c, 0xab, 0x42, 0x00, 0xd1, 0xed, 0xe1, 0x7d, 0x23, 0xe3, 0x5c,
  0xab, 0x42, 0x00, 0xd1, 0xcc, 0xe1, 0x9d, 0x23, 0xe3, 0x5c, 0xab, 0x42,
  0x00, 0xd1, 0xa9, 0xe1, 0xbd, 0x23, 0xe3, 0x5c, 0xab, 0x42, 0x00, 0xd1,
  0x7f, 0xe1, 0xdd, 0x23, 0xe3, 0x5c, 0xab, 0x42, 0x00, 0xd1, 0x5c, 0xe1,
  0xfd, 0x23, 0xe3, 0x5c, 0xab, 0x42, 0x00, 0xd1, 0x39, 0xe1, 0x1e, 0x23,
  0xff, 0x33, 0xe3, 0x5c, 0xab, 0x42, 0x00, 0xd1, 0x12, 0xe1, 0x3e, 0x23,
  0xff, 0x33, 0xe3, 0x5c, 0xab, 0x42, 0x00, 0xd1, 0xea, 0xe0, 0x5e, 0x23,
  0xff, 0x33, 0xe3, 0x5c, 0xab, 0x42, 0x00, 0xd1, 0xc2, 0xe0, 0x7e, 0x23,
  0xff, 0x33, 0xe3, 0x5c, 0xab, 0x42, 0x00, 0xd1, 0x9a, 0xe0, 0x9e, 0x23,
  0xff, 0x33, 0xe3, 0x5c, 0xab, 0x42, 0x00, 0xd1, 0x72, 0xe0, 0xbe, 0x23,
  0xff, 0x33, 0xe3, 0x5c, 0xab, 0x42, 0x4c, 0xd0, 0xde, 0x23, 0xff, 0x33,
  0xe3, 0x5c, 0xab, 0x42, 0x26, 0xd0, 0xfe, 0x23, 0xff, 0x33, 0xe3, 0x5c,
  0xab, 0x42, 0x00, 0xd0, 0x70, 0xbd, 0xf0, 0x23, 0x5b, 0x00, 0xe2, 0x5c,
  0x00, 0x2a, 0xf9, 0xd0, 0xff, 0x22, 0x01, 0x21, 0x52, 0x00, 0xa2, 0x5c,
  0x50, 0x1c, 0x81, 0x40, 0xae, 0x48, 0x92, 0x00, 0x41, 0x65, 0xae, 0x49,
  0x20, 0x00, 0x8c, 0x46, 0x00, 0x21, 0x62, 0x44, 0x51, 0x60, 0xe1, 0x54,
  0x04, 0x33, 0xe3, 0x58, 0xe1, 0x30, 0x19, 0x60, 0xf4, 0x23, 0x5b, 0x00,
  0xe3, 0x58, 0xff, 0x30, 0x19, 0x60, 0x00, 0xf0, 0x0d, 0xfd, 0xdd, 0xe7,
  0xe0, 0x23, 0x5b, 0x00, 0xe2, 0x5c, 0x00, 0x2a, 0xd3, 0xd0, 0xef, 0x22,
  0x01, 0x21, 0x52, 0x00, 0xa2, 0x5c, 0x50, 0x1c, 0x81, 0x40, 0x9e, 0x48,
  0x92, 0x00, 0x41, 0x65, 0x9d, 0x49, 0x20, 0x00, 0x8c, 0x46, 0x00, 0x21,
  0x62, 0x44, 0x51, 0x60, 0xe1, 0x54, 0x04, 0x33, 0xe3, 0x58, 0xc1, 0x30,
  0x19, 0x60, 0xe4, 0x23, 0x5b, 0x00, 0xe3, 0x58, 0xff, 0x30, 0x19, 0x60,
  0x00, 0xf0, 0xec, 0xfc, 0xb7, 0xe7, 0xd0, 0x23, 0x5b, 0x00, 0xe2, 0x5c,
  0x00, 0x2a, 0xad, 0xd0, 0xdf, 0x22, 0x01, 0x21, 0x52, 0x00, 0xa2, 0x5c,
  0x50, 0x1c, 0x81, 0x40, 0x8d, 0x48, 0x92, 0x00, 0x41, 0x65, 0x8d, 0x49,
  0x20, 0x00, 0x8c, 0x46, 0x00, 0x21, 0x62, 0x44, 0x51, 0x60, 0xe1, 0x54,
  0x04, 0x33, 0xe3, 0x58, 0xa1, 0x30, 0x19, 0x60, 0xd4, 0x23, 0x5b, 0x00,
  0xe3, 0x58, 0xff, 0x30, 0x19, 0x60, 0x00, 0xf0, 0xcb, 0xfc, 0x91, 0xe7,
  0xc0, 0x23, 0x5b, 0x00, 0xe2, 0x5c, 0x00, 0x2a, 0x00, 0xd1, 0x86, 0xe7,
  0xcf, 0x22, 0x01, 0x21, 0x52, 0x00, 0xa2, 0x5c, 0x50, 0x1c, 0x81, 0x40,
  0x7c, 0x48, 0x92, 0x00, 0x41, 0x65, 0x7c, 0x49, 0x20, 0x00, 0x8c, 0x46,
  0x00, 0x21, 0x62, 0x44, 0x51, 0x60, 0xe1, 0x54, 0x04, 0x33, 0xe3, 0x58,
  0x81, 0x30, 0x19, 0x60, 0xc4, 0x23, 0x5b, 0x00, 0xe3, 0x58, 0xff, 0x30,
  0x19, 0x60, 0x00, 0xf0, 0xa9, 0xfc, 0x6a, 0xe7, 0xb0, 0x23, 0x5b, 0x00,
  0xe2, 0x5c, 0x00, 0x2a, 0x00, 0xd1, 0x5e, 0xe7, 0xbf, 0x22, 0x01, 0x21,
  0x52, 0x00, 0xa2, 0x5c, 0x50, 0x1c, 0x81, 0x40, 0x6b, 0x48, 0x92, 0x00,
  0x41, 0x65, 0x6b, 0x49, 0x20, 0x00, 0x8c, 0x46, 0x00, 0x21, 0x62, 0x44,
  0x51, 0x60, 0xe1, 0x54, 0x04, 0x33, 0xe3, 0x58, 0x61, 0x30, 0x19, 0x60,
  0xb4, 0x23, 0x5b, 0x00, 0xe3, 0x58, 0xff, 0x30, 0x19, 0x60, 0x00, 0xf0,
  0x87, 0xfc, 0x42, 0xe7, 0xa0, 0x23, 0x5b, 0x00, 0xe2, 0x5c, 0x00, 0x2a,
  0x00, 0xd1, 0x36, 0xe7, 0xaf, 0x22, 0x01, 0x21, 0x52, 0x00, 0xa2, 0x5c,
  0x50, 0x1c, 0x81, 0x40, 0x5a, 0x48, 0x92, 0x00, 0x41, 0x65, 0x5a, 0x49,
  0x20, 0x00, 0x8c, 0x46, 0x00, 0x21, 0x62, 0x44, 0x51, 0x60, 0xe1, 0x54,
  0x04, 0x33, 0xe3, 0x58, 0x41, 0x30, 0x19, 0x60, 0xa4, 0x23, 0x5b, 0x00,
  0xe3, 0x58, 0xff, 0x30, 0x19, 0x60, 0x00, 0xf0, 0x65, 0xfc, 0x1a, 0xe7,
  0x90, 0x23, 0x5b, 0x00, 0xe2, 0x5c, 0x00, 0x2a, 0x00, 0xd1, 0x0e, 0xe7,
  0x9f, 0x22, 0x01, 0x21, 0x52, 0x00, 0xa2, 0x5c, 0x50, 0x1c, 0x81, 0x40,
  0x49, 0x48, 0x92, 0x00, 0x41, 0x65, 0x49, 0x49, 0x20, 0x00, 0x8c, 0x46,
  0x00, 0x21, 0x62, 0x44, 0x51, 0x60, 0xe1, 0x54, 0x04, 0x33, 0xe3, 0x58,
  0x21, 0x30, 0x19, 0x60, 0x94, 0x23, 0x5b, 0x00, 0xe3, 0x58, 0xff, 0x30,
  0x19, 0x60, 0x00, 0xf0, 0x43, 0xfc, 0xf2, 0xe6, 0x80, 0x23, 0x5b, 0x00,
  0xe2, 0x5c, 0x00, 0x2a, 0x00, 0xd1, 0xe6, 0xe6, 0x8f, 0x22, 0x01, 0x21,
  0x52, 0x00, 0xa2, 0x5c, 0x50, 0x1c, 0x81, 0x40, 0x38, 0x48, 0x92, 0x00,
  0x41, 0x65, 0x38, 0x49, 0x60, 0x1c, 0x8c, 0x46, 0x00, 0x21, 0x62, 0x44,
  0x51, 0x60, 0xe1, 0x54, 0x04, 0x33, 0xe3, 0x58, 0xff, 0x30, 0x19, 0x60,
  0x84, 0x23, 0x5b, 0x00, 0xe3, 0x58, 0x19, 0x60, 0x00, 0xf0, 0x22, 0xfc,
  0xcb, 0xe6, 0xe0, 0x23, 0xe2, 0x5c, 0x00, 0x2a, 0x00, 0xd1, 0xc0, 0xe6,
  0xfe, 0x22, 0x01, 0x21, 0xa2, 0x5c, 0x50, 0x1c, 0x81, 0x40, 0x29, 0x48,
  0x92, 0x00, 0x41, 0x65, 0x28, 0x49, 0x20, 0x00, 0x8c, 0x46, 0x00, 0x21,
  0x62, 0x44, 0x51, 0x60, 0xe1, 0x54, 0x04, 0x33, 0xe3, 0x58, 0xe0, 0x30,
  0x19, 0x60, 0xe8, 0x23, 0xe3, 0x58, 0x19, 0x60, 0x00, 0xf0, 0x04, 0xfc,
  0xa7, 0xe6, 0xc0, 0x23, 0xe2, 0x5c, 0x00, 0x2a, 0x00, 0xd1, 0x9d, 0xe6,
  0xde, 0x22, 0x01, 0x21, 0xa2, 0x5c, 0x50, 0x1c, 0x81, 0x40, 0x1a, 0x48,
  0x92, 0x00, 0x41, 0x65, 0x19, 0x49, 0x20, 0x00, 0x8c, 0x46, 0x00, 0x21,
  0x62, 0x44, 0x51, 0x60, 0xe1, 0x54, 0x04, 0x33, 0xe3, 0x58, 0xc0, 0x30,
  0x19, 0x60, 0xc8, 0x23, 0xe3, 0x58, 0x19, 0x60, 0x00, 0xf0, 0xe6, 0xfb,
  0x84, 0xe6, 0xa0, 0x23, 0xe2, 0x5c, 0x00, 0x2a, 0x00, 0xd1, 0x7a, 0xe6,
  0xbe, 0x22, 0x01, 0x21, 0xa2, 0x5c, 0x50, 0x1c, 0x81, 0x40, 0x0b, 0x48,
  0x92, 0x00, 0x41, 0x65, 0x0a, 0x49, 0x20, 0x00, 0x8c, 0x46, 0x00, 0x21,
  0x62, 0x44, 0x51, 0x60, 0xe1, 0x54, 0x04, 0x33, 0xe3, 0x58, 0xa0, 0x30,
  0x19, 0x60, 0xa8, 0x23, 0xe3, 0x58, 0x19, 0x60, 0x00, 0xf0, 0xc8, 0xfb,
  0x61, 0xe6, 0xc0, 0x46, 0xc4, 0x10, 0x00, 0x20, 0x00, 0x30, 0x11, 0x50,
  0x00, 0x00, 0x11, 0x50, 0x80, 0x23, 0xe2, 0x5c, 0x00, 0x2a, 0x00, 0xd1,
  0x50, 0xe6, 0x9e, 0x22, 0x01, 0x21, 0xa2, 0x5c, 0x50, 0x1c, 0x81, 0x40,
  0x33, 0x48, 0x92, 0x00, 0x41, 0x65, 0x33, 0x49, 0x20, 0x00, 0x8c, 0x46,
  0x00, 0x21, 0x62, 0x44, 0x51, 0x60, 0xe1, 0x54, 0x04, 0x33, 0xe3, 0x58,
  0x80, 0x30, 0x19, 0x60, 0x88, 0x23, 0xe3, 0x58, 0x19, 0x60, 0x00, 0xf0,
  0xa3, 0xfb, 0x37, 0xe6, 0x60, 0x23, 0xe2, 0x5c, 0x00, 0x2a, 0x00, 0xd1,
  0x2d, 0xe6, 0x7e, 0x22, 0x01, 0x21, 0xa2, 0x5c, 0x50, 0x1c, 0x81, 0x40,
  0x24, 0x48, 0x92, 0x00, 0x41, 0x65, 0x24, 0x49, 0x20, 0x00, 0x8c, 0x46,
  0x00, 0x21, 0x62, 0x44, 0x51, 0x60, 0xe1, 0x54, 0x63, 0x6e, 0x60, 0x30,
  0x19, 0x60, 0xa3, 0x6e, 0x19, 0x60, 0x00, 0xf0, 0x87, 0xfb, 0x16, 0xe6,
  0x40, 0x23, 0xe2, 0x5c, 0x00, 0x2a, 0x00, 0xd1, 0x0c, 0xe6, 0x5e, 0x22,
  0x01, 0x21, 0xa2, 0x5c, 0x50, 0x1c, 0x81, 0x40, 0x16, 0x48, 0x92, 0x00,
  0x41, 0x65, 0x16, 0x49, 0x20, 0x00, 0x8c, 0x46, 0x00, 0x21, 0x62, 0x44,
  0x51, 0x60, 0xe1, 0x54, 0x63, 0x6c, 0x40, 0x30, 0x19, 0x60, 0xa3, 0x6c,
  0x19, 0x60, 0x00, 0xf0, 0x6b, 0xfb, 0xf5, 0xe5, 0x20, 0x23, 0xe2, 0x5c,
  0x00, 0x2a, 0x00, 0xd1, 0xeb, 0xe5, 0x3e, 0x22, 0x01, 0x21, 0xa2, 0x5c,
  0x50, 0x1c, 0x81, 0x40, 0x08, 0x48, 0x92, 0x00, 0x41, 0x65, 0x08, 0x49,
  0x20, 0x00, 0x8c, 0x46, 0x00, 0x21, 0x62, 0x44, 0x51, 0x60, 0xe1, 0x54,
  0x63, 0x6a, 0x20, 0x30, 0x19, 0x60, 0xa3, 0x6a, 0x19, 0x60, 0x00, 0xf0,
  0x4f, 0xfb, 0xd4, 0xe5, 0x00, 0x30, 0x11, 0x50, 0x00, 0x00, 0x11, 0x50,
  0x10, 0xb5, 0x01, 0x21, 0x05, 0x20, 0xfd, 0xf7, 0xad, 0xfb, 0x10, 0xbd,
  0xf0, 0xb5, 0x57, 0x46, 0x45, 0x46, 0xde, 0x46, 0x4e, 0x46, 0xe0, 0xb5,
  0xd3, 0x78, 0x08, 0x00, 0x9b, 0x07, 0x99, 0x0f, 0x88, 0x46, 0x0f, 0x00,
  0x83, 0xb0, 0x00, 0x2b, 0x69, 0xd0, 0x20, 0x21, 0x79, 0x4b, 0x59, 0x5c,
  0x00, 0x29, 0x00, 0xd1, 0xc6, 0xe0, 0x40, 0x21, 0x59, 0x5c, 0x00, 0x29,
  0x00, 0xd1, 0xc8, 0xe0, 0x60, 0x21, 0x59, 0x5c, 0x00, 0x29, 0x00, 0xd1,
  0xc5, 0xe0, 0x80, 0x21, 0x59, 0x5c, 0x00, 0x29, 0x00, 0xd1, 0xc2, 0xe0,
  0xa0, 0x21, 0x59, 0x5c, 0x00, 0x29, 0x00, 0xd1, 0xbf, 0xe0, 0xc0, 0x21,
  0x59, 0x5c, 0x00, 0x29, 0x00, 0xd1, 0xbc, 0xe0, 0xe0, 0x21, 0x59, 0x5c,
  0x00, 0x29, 0x00, 0xd1, 0xb9, 0xe0, 0x80, 0x21, 0x49, 0x00, 0x59, 0x5c,
  0x00, 0x29, 0x00, 0xd1, 0xb5, 0xe0, 0x90, 0x21, 0x49, 0x00, 0x59, 0x5c,
  0x00, 0x29, 0x00, 0xd1, 0xb1, 0xe0, 0xa0, 0x21, 0x49, 0x00, 0x59, 0x5c,
  0x00, 0x29, 0x00, 0xd1, 0xad, 0xe0, 0xb0, 0x21, 0x49, 0x00, 0x59, 0x5c,
  0x00, 0x29, 0x00, 0xd1, 0xa9, 0xe0, 0xc0, 0x21, 0x49, 0x00, 0x59, 0x5c,
  0x00, 0x29, 0x00, 0xd1, 0xa5, 0xe0, 0xd0, 0x21, 0x49, 0x00, 0x59, 0x5c,
  0x00, 0x29, 0x00, 0xd1, 0xa1, 0xe0, 0xe0, 0x21, 0x49, 0x00, 0x59, 0x5c,
  0x00, 0x29, 0x00, 0xd1, 0x9d, 0xe0, 0xf0, 0x24, 0x64, 0x00, 0x19, 0x5d,
  0x00, 0x29, 0x00, 0xd1, 0x99, 0xe0, 0xff, 0x21, 0x49, 0x00, 0x59, 0x5c,
  0x4f, 0x4d, 0xce, 0x00, 0x1c, 0x19, 0x75, 0x19, 0xa5, 0x60, 0x4e, 0x4d,
  0x89, 0x01, 0xac, 0x46, 0x4d, 0x4d, 0x66, 0x44, 0xac, 0x46, 0x4d, 0x4d,
  0x61, 0x44, 0x4d, 0x40, 0xac, 0x46, 0x66, 0x60, 0xe1, 0x60, 0x01, 0x96,
  0x0b, 0xe0, 0x45, 0x4b, 0x49, 0x49, 0x1c, 0x00, 0x99, 0x60, 0x49, 0x49,
  0x49, 0x4e, 0xd9, 0x60, 0xc0, 0x21, 0x49, 0x00, 0x8c, 0x46, 0x5e, 0x60,
  0x01, 0x96, 0x15, 0x79, 0x91, 0x78, 0xa9, 0x46, 0x55, 0x79, 0x92, 0x79,
  0x4e, 0x46, 0x92, 0x46, 0x7f, 0x22, 0x2d, 0x02, 0x0a, 0x40, 0x35, 0x43,
  0xa1, 0x70, 0xce, 0x09, 0x51, 0x42, 0x51, 0x41, 0xe1, 0x70, 0x41, 0x46,
  0xe1, 0x76, 0x61, 0x46, 0x6d, 0x05, 0xbf, 0x06, 0x6d, 0x0d, 0x0f, 0x43,
  0xa0, 0x21, 0x25, 0x83, 0x55, 0x46, 0x09, 0x06, 0xb1, 0x46, 0x60, 0x77,
  0x66, 0x70, 0x39, 0x43, 0x00, 0x2d, 0x31, 0xd1, 0x01, 0x9d, 0x29, 0x60,
  0x01, 0x21, 0x21, 0x70, 0x9c, 0x42, 0x23, 0xd0, 0x4b, 0x46, 0x15, 0x04,
  0x05, 0x43, 0x00, 0x2b, 0x02, 0xd1, 0x80, 0x23, 0x9b, 0x04, 0x1d, 0x43,
  0x2f, 0x4b, 0x1e, 0x6d, 0xb6, 0x05, 0xb6, 0x0f, 0x01, 0x2e, 0x02, 0xd0,
  0x02, 0x2e, 0x43, 0xd1, 0x00, 0x26, 0x00, 0xf0, 0x19, 0xfd, 0xb0, 0x42,
  0x02, 0xd0, 0x80, 0x23, 0xdb, 0x04, 0x1d, 0x43, 0x27, 0x49, 0xa3, 0x7f,
  0x8c, 0x46, 0x9a, 0x00, 0x62, 0x44, 0x55, 0x60, 0x01, 0x22, 0x01, 0x33,
  0x9a, 0x40, 0x13, 0x00, 0x23, 0x4a, 0x53, 0x65, 0x01, 0x20, 0x03, 0xb0,
  0xf0, 0xbc, 0xbb, 0x46, 0xb2, 0x46, 0xa9, 0x46, 0xa0, 0x46, 0xf0, 0xbd,
  0x01, 0x3d, 0x2d, 0x04, 0x29, 0x43, 0xc9, 0xe7, 0x01, 0x24, 0x61, 0x1e,
  0x64, 0x01, 0xc9, 0xb2, 0x1d, 0x19, 0xa9, 0x77, 0x82, 0xe7, 0x02, 0x24,
  0xf7, 0xe7, 0x03, 0x24, 0xf5, 0xe7, 0x04, 0x24, 0xf3, 0xe7, 0x05, 0x24,
  0xf1, 0xe7, 0x06, 0x24, 0xef, 0xe7, 0x07, 0x24, 0xed, 0xe7, 0x08, 0x24,
  0xeb, 0xe7, 0x09, 0x24, 0xe9, 0xe7, 0x0a, 0x24, 0xe7, 0xe7, 0x0b, 0x24,
  0xe5, 0xe7, 0x0c, 0x24, 0xe3, 0xe7, 0x0d, 0x24, 0xe1, 0xe7, 0x0e, 0x24,
  0xdf, 0xe7, 0xd2, 0x3c, 0xff, 0x3c, 0xdc, 0xe7, 0x0b, 0x48, 0xfd, 0xf7,
  0xcd, 0xf9, 0xc0, 0x46, 0xc4, 0x10, 0x00, 0x20, 0x88, 0x00, 0x10, 0x50,
  0x08, 0x00, 0x10, 0x50, 0x00, 0x02, 0x10, 0x50, 0x00, 0x00, 0x10, 0x50,
  0x80, 0x00, 0x10, 0x50, 0x80, 0x01, 0x10, 0x50, 0x00, 0x01, 0x10, 0x50,
  0x00, 0x00, 0x11, 0x50, 0x00, 0x20, 0x11, 0x50, 0x84, 0x69, 0x00, 0x10,
  0xf0, 0xb5, 0x4f, 0x46, 0xd6, 0x46, 0x46, 0x46, 0xc0, 0xb5, 0x98, 0x46,
  0x08, 0xab, 0x1b, 0x88, 0x0d, 0x00, 0x9a, 0x46, 0x7f, 0x23, 0x1f, 0x00,
  0xd1, 0x09, 0x89, 0x46, 0xc1, 0x4c, 0x17, 0x40, 0x13, 0x42, 0x00, 0xd1,
  0x9c, 0xe0, 0x5f, 0x3b, 0xe3, 0x5c, 0x00, 0x2b, 0x04, 0xd0, 0x3d, 0x23,
  0xe3, 0x5c, 0xab, 0x42, 0x00, 0xd1, 0x13, 0xe1, 0x40, 0x23, 0xe3, 0x5c,
  0x00, 0x2b, 0x04, 0xd0, 0x5d, 0x23, 0xe3, 0x5c, 0xab, 0x42, 0x00, 0xd1,
  0x11, 0xe1, 0x60, 0x23, 0xe3, 0x5c, 0x00, 0x2b, 0x04, 0xd0, 0x7d, 0x23,
  0xe3, 0x5c, 0xab, 0x42, 0x00, 0xd1, 0xc8, 0xe0, 0x80, 0x23, 0xe3, 0x5c,
  0x00, 0x2b, 0x04, 0xd0, 0x9d, 0x23, 0xe3, 0x5c, 0xab, 0x42, 0x00, 0xd1,
  0x06, 0xe1, 0xa0, 0x23, 0xe3, 0x5c, 0x00, 0x2b, 0x04, 0xd0, 0xbd, 0x23,
  0xe3, 0x5c, 0xab, 0x42, 0x00, 0xd1, 0x04, 0xe1, 0xc0, 0x23, 0xe3, 0x5c,
  0x00, 0x2b, 0x04, 0xd0, 0xdd, 0x23, 0xe3, 0x5c, 0xab, 0x42, 0x00, 0xd1,
  0x02, 0xe1, 0xe0, 0x23, 0xe3, 0x5c, 0x00, 0x2b, 0x04, 0xd0, 0xfd, 0x23,
  0xe3, 0x5c, 0xab, 0x42, 0x00, 0xd1, 0x00, 0xe1, 0x80, 0x23, 0x5b, 0x00,
  0xe3, 0x5c, 0x00, 0x2b, 0x05, 0xd0, 0x1e, 0x23, 0xff, 0x33, 0xe3, 0x5c,
  0xab, 0x42, 0x00, 0xd1, 0xfc, 0xe0, 0x90, 0x23, 0x5b, 0x00, 0xe3, 0x5c,
  0x00, 0x2b, 0x05, 0xd0, 0x3e, 0x23, 0xff, 0x33, 0xe3, 0x5c, 0xab, 0x42,
  0x00, 0xd1, 0xf9, 0xe0, 0xa0, 0x23, 0x5b, 0x00, 0xe3, 0x5c, 0x00, 0x2b,
  0x05, 0xd0, 0x5e, 0x23, 0xff, 0x33, 0xe3, 0x5c, 0xab, 0x42, 0x00, 0xd1,
  0xf6, 0xe0, 0xb0, 0x23, 0x5b, 0x00, 0xe3, 0x5c, 0x00, 0x2b, 0x05, 0xd0,
  0x7e, 0x23, 0xff, 0x33, 0xe3, 0x5c, 0xab, 0x42, 0x00, 0xd1, 0xf3, 0xe0,
  0xc0, 0x23, 0x5b, 0x00, 0xe3, 0x5c, 0x00, 0x2b, 0x05, 0xd0, 0x9e, 0x23,
  0xff, 0x33, 0xe3, 0x5c, 0xab, 0x42, 0x00, 0xd1, 0xf0, 0xe0, 0xd0, 0x23,
  0x5b, 0x00, 0xe3, 0x5c, 0x00, 0x2b, 0x05, 0xd0, 0xbe, 0x23, 0xff, 0x33,
  0xe3, 0x5c, 0xab, 0x42, 0x00, 0xd1, 0xed, 0xe0, 0xe0, 0x23, 0x5b, 0x00,
  0xe3, 0x5c, 0x00, 0x2b, 0x05, 0xd0, 0xde, 0x23, 0xff, 0x33, 0xe3, 0x5c,
  0xab, 0x42, 0x00, 0xd1, 0xea, 0xe0, 0xf0, 0x23, 0x5b, 0x00, 0xe0, 0x5c,
  0x00, 0x28, 0x06, 0xd0, 0xfe, 0x23, 0xff, 0x33, 0xe3, 0x5c, 0x00, 0x20,
  0xab, 0x42, 0x00, 0xd1, 0xf0, 0xe0, 0xe0, 0xbc, 0xba, 0x46, 0xb1, 0x46,
  0xa8, 0x46, 0xf0, 0xbd, 0xa3, 0x78, 0x26, 0x00, 0x93, 0x42, 0x4f, 0xd0,
  0x4b, 0x46, 0xb2, 0x70, 0x73, 0x70, 0x7b, 0x42, 0x7b, 0x41, 0xf2, 0x68,
  0xf3, 0x70, 0x6c, 0x4b, 0xf1, 0x7e, 0x53, 0x40, 0xa0, 0x22, 0x89, 0x06,
  0x12, 0x06, 0x0b, 0x43, 0x13, 0x43, 0x72, 0x68, 0x75, 0x77, 0x13, 0x60,
  0x01, 0x23, 0x33, 0x70, 0xa6, 0x42, 0x39, 0xd0, 0x4b, 0x46, 0x3f, 0x04,
  0x2f, 0x43, 0x00, 0x2b, 0x02, 0xd1, 0x80, 0x23, 0x9b, 0x04, 0x1f, 0x43,
  0x61, 0x4b, 0x1c, 0x6d, 0xa4, 0x05, 0xa4, 0x0f, 0x01, 0x2c, 0x03, 0xd0,
  0x02, 0x2c, 0x00, 0xd0, 0xc8, 0xe0, 0x00, 0x24, 0x28, 0x00, 0x00, 0xf0,
  0xdf, 0xfb, 0xa0, 0x42, 0x02, 0xd0, 0x80, 0x23, 0xdb, 0x04, 0x1f, 0x43,
  0x58, 0x49, 0xb3, 0x7f, 0x8c, 0x46, 0x9a, 0x00, 0x62, 0x44, 0x57, 0x60,
  0x01, 0x22, 0x01, 0x33, 0x9a, 0x40, 0x13, 0x00, 0x54, 0x4a, 0x53, 0x65,
  0x30, 0x00, 0x52, 0x46, 0x41, 0x46, 0x00, 0xf0, 0x47, 0xfa, 0x01, 0x20,
  0xb3, 0xe7, 0x62, 0x23, 0xe3, 0x5c, 0x93, 0x42, 0x00, 0xd0, 0x31, 0xe7,
  0x03, 0x23, 0x5b, 0x01, 0xe6, 0x18, 0xb1, 0x78, 0x91, 0x42, 0xb1, 0xd1,
  0x00, 0x2b, 0xeb, 0xd1, 0x52, 0x46, 0x20, 0x00, 0x41, 0x46, 0x00, 0xf0,
  0x33, 0xfa, 0x4e, 0x46, 0x47, 0x4a, 0x03, 0x24, 0x94, 0x46, 0x44, 0x4b,
  0x3f, 0x04, 0x2f, 0x43, 0x1f, 0x60, 0x1b, 0x6d, 0x01, 0x3e, 0xa6, 0x43,
  0x1b, 0x0a, 0x66, 0x44, 0x1c, 0x40, 0x01, 0x2c, 0x03, 0xd0, 0x02, 0x2c,
  0x00, 0xd0, 0x87, 0xe0, 0x00, 0x24, 0x28, 0x00, 0x00, 0xf0, 0x9e, 0xfb,
  0x03, 0x1b, 0x5a, 0x1e, 0x93, 0x41, 0x9b, 0x01, 0x33, 0x43, 0x01, 0x22,
  0x19, 0x00, 0x91, 0x43, 0x36, 0x4a, 0xd1, 0x64, 0x0c, 0x21, 0x03, 0x39,
  0xfd, 0xd2, 0x01, 0x20, 0xd3, 0x64, 0x7a, 0xe7, 0x22, 0x23, 0xe3, 0x5c,
  0x93, 0x42, 0x00, 0xd0, 0xe6, 0xe6, 0x01, 0x23, 0xc5, 0xe7, 0x42, 0x23,
  0xe3, 0x5c, 0x93, 0x42, 0x00, 0xd0, 0xe8, 0xe6, 0x02, 0x23, 0xbe, 0xe7,
  0x82, 0x23, 0xe3, 0x5c, 0x93, 0x42, 0x00, 0xd0, 0xf3, 0xe6, 0x04, 0x23,
  0xb7, 0xe7, 0xa2, 0x23, 0xe3, 0x5c, 0x93, 0x42, 0x00, 0xd0, 0xf5, 0xe6,
  0x05, 0x23, 0xb0, 0xe7, 0xc2, 0x23, 0xe3, 0x5c, 0x93, 0x42, 0x00, 0xd0,
  0xf7, 0xe6, 0x06, 0x23, 0xa9, 0xe7, 0xe2, 0x23, 0xe3, 0x5c, 0x93, 0x42,
  0x00, 0xd0, 0xf9, 0xe6, 0x07, 0x23, 0xa2, 0xe7, 0x81, 0x23, 0x5b, 0x00,
  0xe3, 0x5c, 0x93, 0x42, 0x00, 0xd0, 0xfc, 0xe6, 0x08, 0x23, 0x9a, 0xe7,
  0x91, 0x23, 0x5b, 0x00, 0xe3, 0x5c, 0x93, 0x42, 0x00, 0xd0, 0xff, 0xe6,
  0x09, 0x23, 0x92, 0xe7, 0xa1, 0x23, 0x5b, 0x00, 0xe3, 0x5c, 0x93, 0x42,
  0x00, 0xd0, 0x02, 0xe7, 0x0a, 0x23, 0x8a, 0xe7, 0xb1, 0x23, 0x5b, 0x00,
  0xe3, 0x5c, 0x93, 0x42, 0x00, 0xd0, 0x05, 0xe7, 0x0b, 0x23, 0x82, 0xe7,
  0xc1, 0x23, 0x5b, 0x00, 0xe3, 0x5c, 0x93, 0x42, 0x00, 0xd0, 0x08, 0xe7,
  0x0c, 0x23, 0x7a, 0xe7, 0xd1, 0x23, 0x5b, 0x00, 0xe3, 0x5c, 0x93, 0x42,
  0x00, 0xd0, 0x0b, 0xe7, 0x0d, 0x23, 0x72, 0xe7, 0xe1, 0x23, 0x5b, 0x00,
  0xe3, 0x5c, 0x93, 0x42, 0x00, 0xd0, 0x0e, 0xe7, 0x0e, 0x23, 0x6a, 0xe7,
  0xc4, 0x10, 0x00, 0x20, 0x00, 0x00, 0x10, 0x50, 0x00, 0x00, 0x11, 0x50,
  0x00, 0x20, 0x11, 0x50, 0x09, 0x86, 0x00, 0x20, 0xf1, 0x23, 0x5b, 0x00,
  0xe3, 0x5c, 0x93, 0x42, 0x00, 0xd0, 0x08, 0xe7, 0x0f, 0x23, 0x58, 0xe7,
  0x01, 0x48, 0xfd, 0xf7, 0x0f, 0xf8, 0xc0, 0x46, 0x84, 0x69, 0x00, 0x10,
  0x00, 0x20, 0x70, 0x47, 0x10, 0xb5, 0x22, 0x4b, 0x08, 0x00, 0x11, 0x78,
  0x80, 0x24, 0x19, 0x70, 0x51, 0x78, 0x64, 0x00, 0x59, 0x70, 0x91, 0x78,
  0x99, 0x70, 0xd1, 0x78, 0xd9, 0x70, 0x11, 0x79, 0x19, 0x71, 0x51, 0x79,
  0x59, 0x71, 0x91, 0x79, 0x99, 0x71, 0xd2, 0x79, 0x19, 0x49, 0xda, 0x71,
  0x19, 0x4b, 0x1a, 0x4a, 0xd9, 0x60, 0x00, 0x21, 0x9a, 0x60, 0x59, 0x70,
  0x18, 0x4a, 0xd9, 0x76, 0x18, 0x49, 0x5c, 0x80, 0x5a, 0x60, 0x58, 0x77,
  0x11, 0x60, 0x01, 0x22, 0x08, 0x21, 0x1a, 0x70, 0x99, 0x82, 0x9a, 0x76,
  0x14, 0x4b, 0x18, 0x60, 0x1c, 0x6d, 0xa4, 0x05, 0xa4, 0x0f, 0x01, 0x2c,
  0x02, 0xd0, 0x02, 0x2c, 0x11, 0xd1, 0x00, 0x24, 0x00, 0xf0, 0xde, 0xfa,
  0xa0, 0x42, 0x09, 0xd0, 0x0e, 0x4a, 0x0f, 0x49, 0x0c, 0x4b, 0xda, 0x64,
  0x0c, 0x22, 0x03, 0x3a, 0xfd, 0xd2, 0x01, 0x20, 0xd9, 0x64, 0x10, 0xbd,
  0x0b, 0x4a, 0x0c, 0x49, 0xf4, 0xe7, 0x0c, 0x48, 0xfc, 0xf7, 0xc4, 0xff,
  0x00, 0x00, 0x10, 0x50, 0x80, 0x01, 0x10, 0x50, 0xc4, 0x10, 0x00, 0x20,
  0x80, 0x00, 0x10, 0x50, 0x00, 0x01, 0x10, 0x50, 0x80, 0x01, 0x00, 0xa0,
  0x00, 0x00, 0x11, 0x50, 0x42, 0x86, 0x00, 0x20, 0x43, 0x86, 0x00, 0x20,
  0x02, 0x86, 0x00, 0x20, 0x03, 0x86, 0x00, 0x20, 0x84, 0x69, 0x00, 0x10,
  0x80, 0x22, 0x0a, 0x4b, 0x52, 0x04, 0x10, 0xb5, 0x1a, 0x60, 0x09, 0x4b,
  0x09, 0x49, 0x1a, 0x60, 0x10, 0x00, 0x0b, 0x68, 0x98, 0x43, 0xfb, 0xd1,
  0x80, 0x22, 0x00, 0x21, 0x52, 0x01, 0x06, 0x48, 0xfe, 0xf7, 0xea, 0xfc,
  0x09, 0x22, 0x05, 0x4b, 0x5a, 0x67, 0x10, 0xbd, 0x00, 0xe0, 0x00, 0x40,
  0x00, 0xf0, 0x00, 0x40, 0x08, 0xc0, 0x00, 0x40, 0x00, 0x00, 0x10, 0x50,
  0x00, 0x00, 0x11, 0x50, 0x00, 0x23, 0x83, 0x76, 0x43, 0x61, 0x03, 0x61,
  0x70, 0x47, 0xc0, 0x46, 0xf8, 0xb5, 0xde, 0x46, 0x4e, 0x46, 0x57, 0x46,
  0x45, 0x46, 0xe0, 0xb5, 0x43, 0x68, 0x02, 0x8b, 0x1b, 0x68, 0x16, 0x1c,
  0x9b, 0x46, 0x83, 0x8a, 0x9a, 0x42, 0x00, 0xd9, 0x1e, 0x1c, 0xc1, 0x78,
  0x80, 0x24, 0x0a, 0x00, 0x57, 0x1e, 0xba, 0x41, 0xb6, 0xb2, 0xe4, 0x00,
  0x34, 0x43, 0x52, 0x03, 0x22, 0x43, 0x01, 0x24, 0x61, 0x40, 0x9b, 0x1b,
  0xc1, 0x70, 0x41, 0x78, 0x9b, 0xb2, 0x83, 0x82, 0x00, 0x29, 0x37, 0xd1,
  0x75, 0x1e, 0xa8, 0x46, 0xc4, 0x68, 0x01, 0x69, 0x00, 0x2e, 0x2c, 0xd0,
  0x06, 0x2d, 0x00, 0xd8, 0xc2, 0xe0, 0x23, 0x00, 0x0b, 0x43, 0x9b, 0x07,
  0x00, 0xd0, 0xbd, 0xe0, 0x4b, 0x1c, 0xe3, 0x1a, 0x02, 0x2b, 0x00, 0xd8,
  0xb8, 0xe0, 0x33, 0x1f, 0x9b, 0x08, 0x01, 0x33, 0x9c, 0x46, 0x00, 0x27,
  0x00, 0x23, 0xcd, 0x58, 0x01, 0x37, 0xe5, 0x50, 0x04, 0x33, 0xbc, 0x45,
  0xf9, 0xd8, 0x63, 0x46, 0x9b, 0x00, 0x9e, 0x42, 0x0d, 0xd0, 0x45, 0x46,
  0xcf, 0x18, 0xc9, 0x5c, 0xe4, 0x18, 0xed, 0x1a, 0x21, 0x70, 0x98, 0x45,
  0x05, 0xd0, 0x7b, 0x78, 0x63, 0x70, 0x01, 0x2d, 0x01, 0xd0, 0xbb, 0x78,
  0xa3, 0x70, 0x01, 0x69, 0x83, 0x8a, 0x89, 0x19, 0x01, 0x61, 0x80, 0x21,
  0x09, 0x02, 0x0a, 0x43, 0x00, 0x2b, 0x02, 0xd1, 0x80, 0x21, 0xc9, 0x01,
  0x0a, 0x43, 0x80, 0x21, 0x49, 0x01, 0x0a, 0x43, 0x4f, 0x49, 0x0c, 0x6c,
  0x81, 0x78, 0xa4, 0x07, 0x20, 0xd5, 0x49, 0x06, 0x20, 0xd0, 0x5d, 0x46,
  0x4c, 0x4b, 0x1d, 0x40, 0x80, 0x23, 0x9b, 0x05, 0x1d, 0x43, 0x43, 0x68,
  0x1d, 0x60, 0x83, 0x68, 0x19, 0x68, 0x49, 0x05, 0x00, 0xd5, 0x87, 0xe0,
  0x47, 0x49, 0x11, 0x40, 0x19, 0x60, 0x44, 0x49, 0x09, 0x6c, 0x89, 0x07,
  0x03, 0xd4, 0x0c, 0x23, 0x03, 0x3b, 0xfd, 0xd2, 0x83, 0x68, 0x1a, 0x60,
  0xf0, 0xbc, 0xbb, 0x46, 0xb2, 0x46, 0xa9, 0x46, 0xa0, 0x46, 0xf8, 0xbd,
  0xc9, 0x09, 0xde, 0xd0, 0x00, 0x2b, 0xdc, 0xd0, 0x01, 0x8b, 0x0f, 0x1c,
  0x99, 0x42, 0x00, 0xd9, 0x1f, 0x1c, 0xc4, 0x78, 0x80, 0x26, 0x21, 0x00,
  0x4d, 0x1e, 0xa9, 0x41, 0xbf, 0xb2, 0xf6, 0x00, 0x3e, 0x43, 0x49, 0x03,
  0x31, 0x43, 0x01, 0x26, 0x74, 0x40, 0xdb, 0x1b, 0xc4, 0x70, 0x44, 0x78,
  0x9b, 0xb2, 0x83, 0x82, 0x00, 0x2c, 0x3b, 0xd1, 0xc6, 0x68, 0x7d, 0x1e,
  0xa9, 0x46, 0x04, 0x69, 0x40, 0x36, 0x00, 0x2f, 0x2f, 0xd0, 0x06, 0x2d,
  0x49, 0xd9, 0x63, 0x1c, 0xf3, 0x1a, 0x02, 0x2b, 0x45, 0xd9, 0x23, 0x00,
  0x33, 0x43, 0x9b, 0x07, 0x41, 0xd1, 0x00, 0x25, 0x3b, 0x1f, 0x9b, 0x08,
  0x01, 0x33, 0x98, 0x46, 0xac, 0x46, 0x00, 0x23, 0xe5, 0x58, 0xf5, 0x50,
  0x01, 0x25, 0xaa, 0x46, 0xd4, 0x44, 0x04, 0x33, 0xe0, 0x45, 0xf7, 0xd8,
  0x43, 0x46, 0x9b, 0x00, 0x9f, 0x42, 0x10, 0xd0, 0xe5, 0x18, 0xac, 0x46,
  0x4d, 0x46, 0xe4, 0x5c, 0xf6, 0x18, 0xed, 0x1a, 0x34, 0x70, 0x99, 0x45,
  0x07, 0xd0, 0x63, 0x46, 0x5b, 0x78, 0x73, 0x70, 0x01, 0x2d, 0x02, 0xd0,
  0x63, 0x46, 0x9b, 0x78, 0xb3, 0x70, 0x04, 0x69, 0x83, 0x8a, 0xe4, 0x19,
  0x04, 0x61, 0x80, 0x24, 0x24, 0x02, 0x21, 0x43, 0x00, 0x2b, 0x02, 0xd1,
  0x80, 0x23, 0xdb, 0x01, 0x19, 0x43, 0x09, 0x04, 0xa0, 0x25, 0x0a, 0x43,
  0x59, 0x46, 0x0f, 0x4b, 0xed, 0x05, 0x0b, 0x40, 0x1d, 0x43, 0x80, 0xe7,
  0x00, 0x23, 0xcf, 0x5c, 0xe7, 0x54, 0x01, 0x33, 0xb3, 0x42, 0xfa, 0xd1,
  0x01, 0x69, 0x83, 0x8a, 0x5d, 0xe7, 0x00, 0x23, 0xe5, 0x5c, 0xf5, 0x54,
  0x01, 0x33, 0x9f, 0x42, 0xfa, 0xd1, 0xda, 0xe7, 0x81, 0x78, 0x05, 0x48,
  0xfc, 0xf7, 0x84, 0xfe, 0x00, 0x00, 0x11, 0x50, 0xff, 0xff, 0xff, 0xaf,
  0xff, 0xfb, 0xff, 0xff, 0xff, 0xff, 0xff, 0xdf, 0x94, 0x69, 0x00, 0x10,
  0x00, 0x23, 0x10, 0xb5, 0xc3, 0x82, 0x01, 0x33, 0x82, 0x82, 0x83, 0x76,
  0x01, 0x61, 0xff, 0xf7, 0xeb, 0xfe, 0x10, 0xbd, 0xf8, 0xb5, 0xce, 0x46,
  0x47, 0x46, 0x80, 0xb5, 0x03, 0x00, 0x80, 0x7e, 0x00, 0x28, 0x00, 0xd1,
  0xb1, 0xe0, 0x9a, 0x68, 0x11, 0x68, 0x11, 0x68, 0x5a, 0x78, 0x89, 0x05,
  0x89, 0x0d, 0x00, 0x2a, 0x0e, 0xd1, 0xda, 0x8a, 0x1c, 0x8b, 0x8a, 0x18,
  0x92, 0xb2, 0x5d, 0x68, 0xda, 0x82, 0xa1, 0x42, 0x3f, 0xd2, 0x00, 0x22,
  0x9a, 0x82, 0x2b, 0x68, 0xc0, 0xbc, 0xb9, 0x46, 0xb0, 0x46, 0xf8, 0xbd,
  0x4a, 0x1e, 0x90, 0x46, 0x1c, 0x69, 0xdd, 0x68, 0x00, 0x29, 0x28, 0xd0,
  0x06, 0x2a, 0x43, 0xd9, 0x22, 0x00, 0x2a, 0x43, 0x92, 0x07, 0x3f, 0xd1,
  0x6a, 0x1c, 0xa2, 0x1a, 0x02, 0x2a, 0x3b, 0xd9, 0x0f, 0x1f, 0xbf, 0x08,
  0x7a, 0x1c, 0x91, 0x46, 0x00, 0x26, 0x00, 0x22, 0xaf, 0x58, 0x01, 0x36,
  0xa7, 0x50, 0x04, 0x32, 0xb1, 0x45, 0xf9, 0xd8, 0x4a, 0x46, 0x97, 0x00,
  0x42, 0x46, 0xed, 0x19, 0xe4, 0x19, 0xd2, 0x1b, 0xb9, 0x42, 0x09, 0xd0,
  0x2e, 0x78, 0x26, 0x70, 0x00, 0x2a, 0x05, 0xd0, 0x6e, 0x78, 0x66, 0x70,
  0x01, 0x2a, 0x01, 0xd0, 0xaa, 0x78, 0xa2, 0x70, 0x1c, 0x69, 0xda, 0x8a,
  0x64, 0x18, 0x8a, 0x18, 0x1c, 0x61, 0x1c, 0x8b, 0x92, 0xb2, 0x5d, 0x68,
  0xda, 0x82, 0xa1, 0x42, 0xbf, 0xd3, 0x2d, 0x68, 0x6d, 0x00, 0x16, 0xd5,
  0xa1, 0x42, 0x14, 0xd1, 0x99, 0x68, 0x5d, 0x78, 0x09, 0x68, 0x89, 0x01,
  0x89, 0x0d, 0x00, 0x2d, 0x15, 0xd1, 0x8a, 0x18, 0xda, 0x82, 0xa1, 0x42,
  0x09, 0xd2, 0x00, 0x22, 0x9a, 0x82, 0xaf, 0xe7, 0x00, 0x22, 0xae, 0x5c,
  0xa6, 0x54, 0x01, 0x32, 0x91, 0x42, 0xfa, 0xd1, 0xda, 0xe7, 0x9a, 0x8a,
  0x00, 0x2a, 0xa5, 0xd0, 0x18, 0x00, 0xff, 0xf7, 0x71, 0xfe, 0x00, 0x20,
  0xa0, 0xe7, 0xde, 0x68, 0x4f, 0x1e, 0xb0, 0x46, 0xbc, 0x46, 0x1d, 0x69,
  0x40, 0x36, 0x00, 0x29, 0x2b, 0xd0, 0x06, 0x2f, 0x2e, 0xd9, 0x47, 0x46,
  0x41, 0x37, 0xef, 0x1b, 0x02, 0x2f, 0x29, 0xd9, 0x32, 0x00, 0x2a, 0x43,
  0x92, 0x07, 0x25, 0xd1, 0x0f, 0x1f, 0xbf, 0x08, 0x7a, 0x1c, 0x91, 0x46,
  0x00, 0x24, 0x00, 0x22, 0xb7, 0x58, 0x01, 0x34, 0xaf, 0x50, 0x04, 0x32,
  0xa1, 0x45, 0xf9, 0xd8, 0x4a, 0x46, 0x97, 0x00, 0x62, 0x46, 0xf6, 0x19,
  0xed, 0x19, 0xd2, 0x1b, 0xb9, 0x42, 0x09, 0xd0, 0x34, 0x78, 0x2c, 0x70,
  0x00, 0x2a, 0x05, 0xd0, 0x74, 0x78, 0x6c, 0x70, 0x01, 0x2a, 0x01, 0xd0,
  0xb2, 0x78, 0xaa, 0x70, 0xda, 0x8a, 0x1d, 0x69, 0x1c, 0x8b, 0x8a, 0x18,
  0x6d, 0x18, 0xda, 0x82, 0x1d, 0x61, 0xb2, 0xe7, 0x00, 0x22, 0xb4, 0x5c,
  0xac, 0x54, 0x01, 0x32, 0x91, 0x42, 0xfa, 0xd1, 0xf0, 0xe7, 0x99, 0x78,
  0x01, 0x48, 0xfc, 0xf7, 0xb1, 0xfd, 0xc0, 0x46, 0xb4, 0x69, 0x00, 0x10,
  0xc2, 0x78, 0x43, 0x69, 0x1a, 0x70, 0x70, 0x47, 0xf0, 0xb5, 0xde, 0x46,
  0x4e, 0x46, 0x45, 0x46, 0x57, 0x46, 0x4e, 0x4b, 0xe0, 0xb5, 0x99, 0x46,
  0x4d, 0x4b, 0x87, 0xb0, 0x05, 0x93, 0x4d, 0x4b, 0x88, 0x46, 0x04, 0x93,
  0x4c, 0x4b, 0x00, 0x90, 0x9b, 0x46, 0x4b, 0x46, 0x02, 0x92, 0x01, 0x93,
  0x00, 0x23, 0x00, 0x26, 0x00, 0x24, 0x01, 0x9d, 0x03, 0x93, 0x03, 0xe0,
  0x01, 0x36, 0x56, 0x35, 0x05, 0x2c, 0x45, 0xd0, 0x2b, 0x78, 0x00, 0x9a,
  0x01, 0x34, 0xe4, 0xb2, 0x93, 0x42, 0xf5, 0xd1, 0x56, 0x23, 0x01, 0x9a,
  0x73, 0x43, 0x94, 0x46, 0x63, 0x44, 0x1b, 0x79, 0xdb, 0x07, 0xed, 0xd5,
  0x43, 0x46, 0x00, 0x2b, 0x02, 0xd0, 0x6b, 0x78, 0x43, 0x45, 0xe7, 0xd1,
  0x02, 0x9a, 0x00, 0x2a, 0x02, 0xd0, 0xab, 0x78, 0x93, 0x42, 0xe1, 0xd1,
  0x05, 0x2c, 0x64, 0xd0, 0x37, 0x4b, 0x00, 0x2b, 0x02, 0xd0, 0x20, 0x00,
  0x00, 0xe0, 0x00, 0xbf, 0x05, 0x99, 0xa9, 0x46, 0xb2, 0x46, 0x00, 0x27,
  0x00, 0x23, 0x0d, 0x00, 0x5e, 0x46, 0x0a, 0x78, 0x10, 0xe0, 0xf9, 0x00,
  0x33, 0x68, 0xc9, 0x1b, 0x89, 0x00, 0x5b, 0x18, 0x00, 0x2b, 0x03, 0xd0,
  0x20, 0x00, 0x9b, 0x69, 0x98, 0x47, 0x2a, 0x78, 0x01, 0x37, 0xff, 0xb2,
  0x51, 0x1c, 0x3b, 0x00, 0xb9, 0x42, 0x11, 0xdb, 0xba, 0x42, 0xec, 0xd8,
  0x9a, 0x1a, 0xd3, 0x00, 0x9b, 0x1a, 0x04, 0x9a, 0x9b, 0x00, 0x94, 0x46,
  0x63, 0x44, 0xeb, 0xe7, 0x00, 0x23, 0x02, 0x93, 0x03, 0x9b, 0x00, 0x2b,
  0x2e, 0xd0, 0x05, 0x23, 0x98, 0x46, 0xa7, 0xe7, 0x4d, 0x46, 0x21, 0x00,
  0x00, 0x98, 0xff, 0xf7, 0x2b, 0xf8, 0x56, 0x22, 0x00, 0x21, 0x28, 0x00,
  0xfe, 0xf7, 0x84, 0xfa, 0x28, 0x00, 0x08, 0x22, 0xff, 0x21, 0x0d, 0x30,
  0xfe, 0xf7, 0x7e, 0xfa, 0x28, 0x00, 0x20, 0x22, 0xff, 0x21, 0x15, 0x30,
  0xfe, 0xf7, 0x78, 0xfa, 0x14, 0x4b, 0xb3, 0x46, 0x99, 0x46, 0x1b, 0x7b,
  0x56, 0x46, 0xa3, 0x42, 0x90, 0xd1, 0x01, 0x21, 0x11, 0x4b, 0x49, 0x42,
  0x18, 0x68, 0x9a, 0x46, 0x02, 0xf0, 0x54, 0xf9, 0x00, 0x23, 0x4a, 0x46,
  0x53, 0x73, 0x53, 0x46, 0x18, 0x68, 0x02, 0xf0, 0x3d, 0xf9, 0x81, 0xe7,
  0x07, 0xb0, 0xf0, 0xbc, 0xbb, 0x46, 0xb2, 0x46, 0xa9, 0x46, 0xa0, 0x46,
  0xf0, 0xbd, 0x01, 0x23, 0x03, 0x93, 0x9d, 0xe7, 0x00, 0x0c, 0x00, 0x20,
  0x24, 0x13, 0x00, 0x20, 0xb8, 0x6a, 0x00, 0x10, 0xa0, 0x09, 0x00, 0x20,
  0x00, 0x00, 0x00, 0x00, 0xa4, 0x09, 0x00, 0x20, 0xb8, 0x0e, 0x00, 0x20,
  0x70, 0x47, 0xc0, 0x46, 0x01, 0x38, 0xc3, 0xb2, 0x04, 0x2b, 0x05, 0xd8,
  0x56, 0x22, 0x42, 0x43, 0x04, 0x4b, 0x9b, 0x18, 0xd8, 0x78, 0x70, 0x47,
  0x03, 0x4b, 0xd8, 0x78, 0x00, 0x07, 0x00, 0x0f, 0xf9, 0xe7, 0xc0, 0x46,
  0x00, 0x0c, 0x00, 0x20, 0xb4, 0x09, 0x00, 0x20, 0xf0, 0xb5, 0x4f, 0x46,
  0x46, 0x46, 0xd6, 0x46, 0xc0, 0xb5, 0x40, 0x4f, 0x05, 0x00, 0x3b, 0x78,
  0x0e, 0x00, 0x98, 0x42, 0x10, 0xd0, 0xff, 0x2b, 0x10, 0xd0, 0x31, 0x00,
  0x28, 0x00, 0x3d, 0x70, 0xfe, 0xf7, 0x78, 0xff, 0x00, 0x28, 0x04, 0xd1,
  0xe0, 0xbc, 0xba, 0x46, 0xb1, 0x46, 0xa8, 0x46, 0xf0, 0xbd, 0x28, 0x00,
  0xff, 0xf7, 0xf2, 0xf9, 0x01, 0x20, 0xf5, 0xe7, 0x34, 0x4c, 0x20, 0x00,
  0x14, 0x3c, 0xfd, 0xf7, 0x75, 0xf8, 0x20, 0x00, 0x02, 0xf0, 0x8e, 0xf8,
  0x31, 0x4b, 0x1c, 0x60, 0x31, 0x4c, 0x20, 0x00, 0xfd, 0xf7, 0x5e, 0xf8,
  0x30, 0x4b, 0x1c, 0x60, 0x30, 0x4b, 0x00, 0x2b, 0x50, 0xd0, 0x30, 0x4b,
  0x18, 0x00, 0x98, 0x46, 0x00, 0xe0, 0x00, 0xbf, 0x2e, 0x4b, 0x18, 0x60,
  0x00, 0x22, 0x2e, 0x4b, 0x2e, 0x4c, 0x1a, 0x60, 0xaf, 0x32, 0x00, 0x21,
  0xff, 0x32, 0x20, 0x00, 0xfe, 0xf7, 0xf2, 0xf9, 0x10, 0x22, 0x00, 0x21,
  0x2a, 0x48, 0xfe, 0xf7, 0xed, 0xf9, 0xd7, 0x23, 0x5b, 0x00, 0x99, 0x46,
  0xa1, 0x44, 0x56, 0x22, 0x00, 0x21, 0x20, 0x00, 0xfe, 0xf7, 0xe4, 0xf9,
  0x20, 0x00, 0x08, 0x22, 0xff, 0x21, 0x0d, 0x30, 0xfe, 0xf7, 0xde, 0xf9,
  0x20, 0x00, 0x20, 0x22, 0xff, 0x21, 0x15, 0x30, 0x56, 0x34, 0xfe, 0xf7,
  0xd7, 0xf9, 0xa1, 0x45, 0xeb, 0xd1, 0x43, 0x46, 0x1d, 0x49, 0x1a, 0x78,
  0x8a, 0x46, 0x18, 0x49, 0x00, 0x24, 0x00, 0x23, 0x89, 0x46, 0x11, 0xe0,
  0x4b, 0x46, 0xe1, 0x00, 0x1b, 0x68, 0x09, 0x1b, 0x89, 0x00, 0x5b, 0x18,
  0x00, 0x2b, 0x03, 0xd0, 0x5b, 0x68, 0x98, 0x47, 0x43, 0x46, 0x1a, 0x78,
  0x01, 0x34, 0xe4, 0xb2, 0x51, 0x1c, 0x23, 0x00, 0xa1, 0x42, 0x92, 0xdb,
  0xa2, 0x42, 0xeb, 0xd8, 0x9a, 0x1a, 0xd3, 0x00, 0x9b, 0x1a, 0x9b, 0x00,
  0x53, 0x44, 0xed, 0xe7, 0x07, 0x4b, 0x98, 0x46, 0xb2, 0xe7, 0xc0, 0x46,
  0x0c, 0x06, 0x00, 0x20, 0x04, 0x06, 0x00, 0x20, 0xc4, 0x0e, 0x00, 0x20,
  0xbc, 0x0e, 0x00, 0x20, 0xb8, 0x0e, 0x00, 0x20, 0x00, 0x00, 0x00, 0x00,
  0x24, 0x13, 0x00, 0x20, 0xa0, 0x09, 0x00, 0x20, 0xb4, 0x09, 0x00, 0x20,
  0x00, 0x0c, 0x00, 0x20, 0xa4, 0x09, 0x00, 0x20, 0xb8, 0x6a, 0x00, 0x10,
  0x0a, 0x00, 0x7f, 0x21, 0xf8, 0xb5, 0xce, 0x46, 0x47, 0x46, 0x0e, 0x00,
  0x44, 0x1e, 0x03, 0x00, 0x80, 0xb5, 0x16, 0x40, 0xe0, 0xb2, 0x11, 0x42,
  0x13, 0xd1, 0x04, 0x28, 0x47, 0xd8, 0x56, 0x20, 0x60, 0x43, 0x26, 0x49,
  0x40, 0x5c, 0x00, 0x25, 0x25, 0x4c, 0xa9, 0x46, 0x21, 0x7b, 0x99, 0x42,
  0x02, 0xd1, 0x61, 0x7b, 0x00, 0x29, 0x2b, 0xd1, 0x48, 0x46, 0xc0, 0xbc,
  0xb9, 0x46, 0xb0, 0x46, 0xf8, 0xbd, 0x04, 0x28, 0x36, 0xd8, 0x56, 0x20,
  0x60, 0x43, 0x1c, 0x4d, 0x76, 0x00, 0x34, 0x18, 0xd7, 0x09, 0x2c, 0x19,
  0xe4, 0x19, 0x30, 0x34, 0x61, 0x79, 0x80, 0x46, 0xc9, 0x07, 0xc8, 0x0f,
  0x81, 0x46, 0x00, 0x29, 0xe8, 0xd0, 0x41, 0x46, 0x48, 0x5d, 0x19, 0x00,
  0xff, 0xf7, 0x02, 0xfc, 0x01, 0x22, 0x38, 0x00, 0x63, 0x79, 0x40, 0x44,
  0x93, 0x43, 0x63, 0x71, 0x35, 0x30, 0x11, 0x4b, 0x80, 0x19, 0x19, 0x68,
  0x40, 0x19, 0xfb, 0xf7, 0xc1, 0xff, 0x01, 0x23, 0x99, 0x46, 0xd3, 0xe7,
  0x19, 0x00, 0xff, 0xf7, 0xef, 0xfb, 0x01, 0x21, 0x0a, 0x4d, 0x49, 0x42,
  0x28, 0x68, 0x02, 0xf0, 0x2f, 0xf8, 0x4b, 0x46, 0x28, 0x68, 0x63, 0x73,
  0x02, 0xf0, 0x1a, 0xf8, 0xed, 0xe7, 0x06, 0x49, 0x08, 0x78, 0xb8, 0xe7,
  0x00, 0x23, 0x99, 0x46, 0xbe, 0xe7, 0xc0, 0x46, 0x00, 0x0c, 0x00, 0x20,
  0xa4, 0x09, 0x00, 0x20, 0xb8, 0x0e, 0x00, 0x20, 0xb4, 0x09, 0x00, 0x20,
  0xf0, 0xb5, 0xc6, 0x46, 0x00, 0xb5, 0x04, 0x00, 0x01, 0x38, 0xc3, 0xb2,
  0x0d, 0x00, 0x8a, 0xb0, 0x04, 0x2b, 0x00, 0xd9, 0x87, 0xe0, 0x56, 0x21,
  0x41, 0x43, 0x5c, 0x4b, 0xce, 0x5c, 0x00, 0x2d, 0x2d, 0xd1, 0x5b, 0x4f,
  0x7b, 0x7b, 0xd9, 0xb2, 0x02, 0x2b, 0x00, 0xd1, 0x7e, 0xe0, 0x03, 0x29,
  0x4e, 0xd0, 0x01, 0x29, 0x1f, 0xd1, 0x57, 0x4b, 0x98, 0x46, 0xdb, 0x88,
  0x00, 0x2b, 0x00, 0xd0, 0x8d, 0xe0, 0x01, 0x21, 0x54, 0x4d, 0x92, 0xb2,
  0x49, 0x42, 0x28, 0x68, 0xfa, 0x81, 0x01, 0xf0, 0xf1, 0xff, 0x03, 0x23,
  0x28, 0x68, 0x7b, 0x73, 0x01, 0xf0, 0xdc, 0xff, 0x43, 0x46, 0x1a, 0x78,
  0x01, 0x23, 0xd2, 0x09, 0x5a, 0x40, 0x00, 0x23, 0xd2, 0x01, 0x21, 0x00,
  0x30, 0x00, 0xd2, 0xb2, 0x00, 0x93, 0xff, 0xf7, 0xef, 0xf9, 0x0a, 0xb0,
  0x80, 0xbc, 0xb8, 0x46, 0xf0, 0xbd, 0x02, 0xae, 0x32, 0x00, 0x44, 0x4b,
  0x03, 0xcb, 0x03, 0xc2, 0x11, 0x20, 0x02, 0x22, 0x00, 0x21, 0x68, 0x44,
  0xfe, 0xf7, 0xe6, 0xf8, 0x6b, 0x46, 0x01, 0x21, 0x1c, 0x74, 0x3d, 0x4c,
  0xdd, 0x74, 0xe3, 0x89, 0x3d, 0x4d, 0x05, 0x93, 0x23, 0x68, 0x49, 0x42,
  0x07, 0x93, 0x63, 0x68, 0x28, 0x68, 0x08, 0x93, 0xa3, 0x68, 0x06, 0x96,
  0x09, 0x93, 0x01, 0xf0, 0xbd, 0xff, 0x00, 0x23, 0x28, 0x68, 0x63, 0x73,
  0x01, 0xf0, 0xa8, 0xff, 0x08, 0x9b, 0x00, 0x2b, 0xd5, 0xd0, 0x04, 0xa8,
  0x98, 0x47, 0xd2, 0xe7, 0x30, 0x4b, 0x98, 0x46, 0x5b, 0x78, 0x09, 0x2b,
  0x2b, 0xd0, 0x02, 0xad, 0x2b, 0x00, 0x42, 0x46, 0x03, 0xca, 0x03, 0xc3,
  0x11, 0x20, 0x02, 0x22, 0x00, 0x21, 0x68, 0x44, 0xfe, 0xf7, 0xb8, 0xf8,
  0x00, 0x26, 0x6b, 0x46, 0x01, 0x21, 0x1c, 0x74, 0xde, 0x74, 0xfb, 0x89,
  0x26, 0x4c, 0x05, 0x93, 0x3b, 0x68, 0x49, 0x42, 0x07, 0x93, 0x7b, 0x68,
  0x20, 0x68, 0x08, 0x93, 0xbb, 0x68, 0x06, 0x95, 0x09, 0x93, 0x01, 0xf0,
  0x8f, 0xff, 0x20, 0x68, 0x7e, 0x73, 0x01, 0xf0, 0x7b, 0xff, 0x08, 0x9b,
  0x00, 0x2b, 0xd2, 0xd1, 0xa7, 0xe7, 0x1d, 0x4b, 0x1e, 0x78, 0x78, 0xe7,
  0x19, 0x4b, 0x98, 0x46, 0x87, 0xe7, 0x43, 0x46, 0x1b, 0x78, 0x00, 0x2b,
  0xcf, 0xd1, 0x80, 0x26, 0x01, 0x25, 0x76, 0x42, 0x29, 0x00, 0x20, 0x00,
  0xff, 0xf7, 0xf6, 0xfe, 0x31, 0x00, 0x29, 0x43, 0x01, 0x35, 0x20, 0x00,
  0xc9, 0xb2, 0xed, 0xb2, 0xff, 0xf7, 0xee, 0xfe, 0x10, 0x2d, 0xf1, 0xd1,
  0xbd, 0xe7, 0x0e, 0x4d, 0x02, 0x39, 0x28, 0x68, 0x01, 0xf0, 0x66, 0xff,
  0x02, 0x23, 0x28, 0x68, 0x7b, 0x73, 0x01, 0xf0, 0x51, 0xff, 0x42, 0x46,
  0x80, 0x21, 0x12, 0x78, 0x3b, 0x68, 0x0a, 0x40, 0x41, 0x46, 0xc9, 0x88,
  0x30, 0x00, 0x00, 0x91, 0x21, 0x00, 0xff, 0xf7, 0x65, 0xf9, 0x74, 0xe7,
  0x00, 0x0c, 0x00, 0x20, 0xa4, 0x09, 0x00, 0x20, 0xb0, 0x0d, 0x00, 0x20,
  0xb8, 0x0e, 0x00, 0x20, 0xb4, 0x09, 0x00, 0x20, 0xf0, 0xb5, 0x45, 0x46,
  0xde, 0x46, 0x57, 0x46, 0x4e, 0x46, 0xe0, 0xb5, 0x7f, 0x4b, 0x88, 0x46,
  0x1b, 0x78, 0x87, 0xb0, 0xff, 0x2b, 0x00, 0xd1, 0x72, 0xe0, 0x7d, 0x4b,
  0x7d, 0x4e, 0x99, 0x46, 0x7d, 0x4b, 0x7e, 0x4f, 0x9a, 0x46, 0x03, 0xad,
  0x34, 0x68, 0x62, 0x69, 0xef, 0xf3, 0x10, 0x81, 0x72, 0xb6, 0x13, 0x68,
  0x00, 0x2b, 0xfc, 0xd0, 0xbf, 0xf3, 0x5f, 0x8f, 0xa1, 0x61, 0x20, 0x00,
  0x29, 0x00, 0x01, 0xf0, 0x1b, 0xfe, 0x62, 0x69, 0xa3, 0x69, 0xbf, 0xf3,
  0x5f, 0x8f, 0x00, 0x21, 0x11, 0x60, 0x83, 0xf3, 0x10, 0x88, 0x00, 0x28,
  0x52, 0xd0, 0x6b, 0x78, 0x02, 0x2b, 0x56, 0xd0, 0x0f, 0xd8, 0x00, 0x2b,
  0x15, 0xd0, 0x28, 0x78, 0x6a, 0x79, 0x29, 0x79, 0xff, 0xf7, 0x2e, 0xfd,
  0x28, 0x79, 0x00, 0x28, 0xd8, 0xd0, 0x6b, 0x79, 0x00, 0x2b, 0xd5, 0xd0,
  0x01, 0xf0, 0x54, 0xfa, 0xd2, 0xe7, 0x03, 0x2b, 0xd0, 0xd1, 0x6b, 0x68,
  0x00, 0x2b, 0xcd, 0xd0, 0xa8, 0x68, 0x98, 0x47, 0xca, 0xe7, 0xfb, 0x78,
  0xdb, 0x06, 0x00, 0xd4, 0x83, 0xe0, 0x28, 0x78, 0x3b, 0x78, 0x98, 0x42,
  0x09, 0xd1, 0x29, 0x79, 0x7a, 0x78, 0x8a, 0x42, 0x05, 0xd1, 0x6a, 0x79,
  0xbc, 0x78, 0x93, 0x46, 0x94, 0x42, 0x00, 0xd1, 0x88, 0xe0, 0x30, 0x68,
  0x01, 0xf0, 0xd8, 0xfd, 0x34, 0x68, 0x83, 0x46, 0x62, 0x69, 0xef, 0xf3,
  0x10, 0x81, 0x72, 0xb6, 0x13, 0x68, 0x00, 0x2b, 0xfc, 0xd0, 0xbf, 0xf3,
  0x5f, 0x8f, 0xa1, 0x61, 0x20, 0x00, 0x29, 0x00, 0x01, 0xf0, 0x1e, 0xfe,
  0x62, 0x69, 0xa3, 0x69, 0xbf, 0xf3, 0x5f, 0x8f, 0x00, 0x21, 0x11, 0x60,
  0x83, 0xf3, 0x10, 0x88, 0x00, 0x28, 0x04, 0xd0, 0x42, 0x46, 0x69, 0x78,
  0x28, 0x78, 0xff, 0xf7, 0x99, 0xfd, 0x5b, 0x46, 0x00, 0x2b, 0x93, 0xd0,
  0x07, 0xb0, 0xf0, 0xbc, 0xbb, 0x46, 0xb2, 0x46, 0xa9, 0x46, 0xa0, 0x46,
  0xf0, 0xbd, 0x7f, 0x23, 0x29, 0x79, 0xa8, 0x78, 0x0b, 0x40, 0x00, 0x28,
  0x06, 0xd1, 0x00, 0x2b, 0xf0, 0xd1, 0xaa, 0x68, 0x69, 0x79, 0xff, 0xf7,
  0x9d, 0xfe, 0x7f, 0xe7, 0x42, 0x1e, 0xd4, 0xb2, 0x04, 0x2c, 0xe7, 0xd8,
  0x56, 0x24, 0x54, 0x43, 0x4a, 0x46, 0xa4, 0x46, 0x62, 0x44, 0x12, 0x79,
  0xd2, 0x07, 0xdf, 0xd5, 0x5a, 0x00, 0x62, 0x44, 0xcc, 0x09, 0x4a, 0x44,
  0x12, 0x19, 0x14, 0x00, 0x30, 0x34, 0x01, 0x92, 0x62, 0x79, 0x00, 0x94,
  0x94, 0x46, 0x01, 0x22, 0x93, 0x46, 0x62, 0x46, 0x5c, 0x46, 0xa2, 0x43,
  0x00, 0x9c, 0x62, 0x71, 0x62, 0x79, 0x94, 0x46, 0x04, 0x22, 0x93, 0x46,
  0x62, 0x46, 0x5c, 0x46, 0xa2, 0x43, 0x00, 0x9c, 0x62, 0x71, 0x00, 0x2b,
  0xd1, 0xd0, 0x52, 0x46, 0x01, 0x9b, 0x12, 0x78, 0x5b, 0x7d, 0x93, 0x42,
  0x17, 0xd3, 0x54, 0x1c, 0x9c, 0x42, 0xb9, 0xdb, 0x9b, 0x1a, 0xdc, 0x00,
  0xe4, 0x1a, 0x23, 0x4b, 0xa4, 0x00, 0xe4, 0x18, 0xab, 0x68, 0x6a, 0x79,
  0x64, 0x69, 0xa0, 0x47, 0x42, 0xe7, 0x10, 0x22, 0xfb, 0x78, 0x29, 0x79,
  0x13, 0x43, 0xfb, 0x70, 0x6a, 0x79, 0x28, 0x78, 0x00, 0xf0, 0xa4, 0xfc,
  0x38, 0xe7, 0x1b, 0x4a, 0xdc, 0x00, 0xe3, 0x1a, 0x14, 0x68, 0x9b, 0x00,
  0xe4, 0x18, 0x00, 0x2c, 0xe8, 0xd1, 0x9b, 0xe7, 0x17, 0x4c, 0x22, 0x7b,
  0x00, 0x2a, 0x02, 0xd1, 0x62, 0x7b, 0x00, 0x2a, 0x03, 0xd1, 0x5a, 0x46,
  0x00, 0xf0, 0x90, 0xfc, 0x24, 0xe7, 0x00, 0x22, 0x00, 0x21, 0x18, 0x00,
  0xff, 0xf7, 0x10, 0xfa, 0x01, 0x21, 0x10, 0x4b, 0x49, 0x42, 0x18, 0x68,
  0x9b, 0x46, 0x01, 0xf0, 0x4f, 0xfe, 0x00, 0x23, 0x63, 0x73, 0x5b, 0x46,
  0x18, 0x68, 0x01, 0xf0, 0x39, 0xfe, 0x6b, 0x79, 0x28, 0x78, 0x9b, 0x46,
  0x29, 0x79, 0xe4, 0xe7, 0x0c, 0x06, 0x00, 0x20, 0x00, 0x0c, 0x00, 0x20,
  0xc4, 0x0e, 0x00, 0x20, 0x24, 0x13, 0x00, 0x20, 0xb4, 0x09, 0x00, 0x20,
  0xb8, 0x6a, 0x00, 0x10, 0xa0, 0x09, 0x00, 0x20, 0xa4, 0x09, 0x00, 0x20,
  0xb8, 0x0e, 0x00, 0x20, 0xf0, 0xb5, 0xce, 0x46, 0x47, 0x46, 0x80, 0xb5,
  0x43, 0x78, 0x04, 0x00, 0x83, 0xb0, 0x00, 0x2b, 0x14, 0xd1, 0x83, 0x68,
  0x00, 0x2b, 0x11, 0xd0, 0x05, 0x78, 0x00, 0x2d, 0x15, 0xd0, 0x69, 0x1e,
  0xcb, 0xb2, 0x04, 0x2b, 0x0a, 0xd8, 0x56, 0x22, 0x4a, 0x43, 0x3d, 0x4b,
  0x9b, 0x18, 0x1b, 0x79, 0xdb, 0x07, 0x03, 0xd5, 0x3b, 0x4e, 0x73, 0x7b,
  0x00, 0x2b, 0x0e, 0xd0, 0x00, 0x25, 0x28, 0x00, 0x03, 0xb0, 0xc0, 0xbc,
  0xb9, 0x46, 0xb0, 0x46, 0xf0, 0xbd, 0x37, 0x4b, 0xdb, 0x78, 0xdb, 0x06,
  0xf4, 0xd5, 0x34, 0x4e, 0x73, 0x7b, 0x00, 0x2b, 0xf0, 0xd1, 0x01, 0x21,
  0x33, 0x4f, 0x49, 0x42, 0x38, 0x68, 0x01, 0xf0, 0xff, 0xfd, 0x73, 0x7b,
  0xda, 0xb2, 0x00, 0x2b, 0x03, 0xd0, 0x38, 0x68, 0x01, 0xf0, 0xe8, 0xfd,
  0xe2, 0xe7, 0x01, 0x23, 0x35, 0x73, 0x73, 0x73, 0xe3, 0x68, 0xa1, 0x68,
  0x33, 0x60, 0x23, 0x69, 0xf2, 0x81, 0x73, 0x60, 0x63, 0x69, 0x08, 0x22,
  0xb3, 0x60, 0x28, 0x4b, 0x18, 0x00, 0x98, 0x46, 0xfd, 0xf7, 0x02, 0xff,
  0x38, 0x68, 0x01, 0xf0, 0xd3, 0xfd, 0x69, 0x1e, 0xcb, 0xb2, 0x04, 0x2b,
  0x39, 0xd8, 0x56, 0x22, 0x4a, 0x43, 0x1d, 0x4b, 0xd0, 0x5c, 0x23, 0x69,
  0x00, 0x2b, 0x05, 0xd0, 0x29, 0x00, 0x42, 0x46, 0xff, 0xf7, 0x90, 0xf9,
  0x05, 0x00, 0xbe, 0xe7, 0x6b, 0x46, 0xdf, 0x1d, 0x04, 0x23, 0x3b, 0x70,
  0x1a, 0x4b, 0x29, 0x00, 0x42, 0x46, 0xb7, 0x60, 0x73, 0x60, 0xff, 0xf7,
  0x83, 0xf9, 0x05, 0x1e, 0xb0, 0xd0, 0x17, 0x4b, 0x98, 0x46, 0x17, 0x4b,
  0x99, 0x46, 0x3b, 0x78, 0x04, 0x2b, 0x0e, 0xd1, 0x43, 0x46, 0x1b, 0x78,
  0xff, 0x2b, 0xf8, 0xd0, 0x4b, 0x46, 0x18, 0x68, 0x01, 0xf0, 0xa2, 0xfc,
  0x00, 0x28, 0xf2, 0xd1, 0x00, 0x21, 0x01, 0x38, 0xff, 0xf7, 0x66, 0xfe,
  0xed, 0xe7, 0x63, 0x69, 0x00, 0x2b, 0x01, 0xd0, 0x3a, 0x78, 0x1a, 0x70,
  0x3b, 0x78, 0xe3, 0x70, 0xf3, 0x89, 0x63, 0x60, 0x91, 0xe7, 0x03, 0x4b,
  0x18, 0x78, 0xc6, 0xe7, 0x00, 0x0c, 0x00, 0x20, 0xa4, 0x09, 0x00, 0x20,
  0xb4, 0x09, 0x00, 0x20, 0xb8, 0x0e, 0x00, 0x20, 0xb0, 0x0d, 0x00, 0x20,
  0x99, 0x40, 0x00, 0x10, 0x0c, 0x06, 0x00, 0x20, 0xc4, 0x0e, 0x00, 0x20,
  0xf0, 0xb5, 0x57, 0x46, 0x4e, 0x46, 0x45, 0x46, 0xde, 0x46, 0xe0, 0xb5,
  0x83, 0xb0, 0x04, 0x00, 0x0c, 0xa8, 0x1d, 0x00, 0x08, 0xc8, 0x0f, 0x00,
  0x9a, 0x46, 0x03, 0x88, 0x16, 0x00, 0x99, 0x46, 0x00, 0x2c, 0x11, 0xd1,
  0x46, 0x4b, 0xdb, 0x78, 0xdb, 0x06, 0x04, 0xd5, 0x45, 0x4b, 0x98, 0x46,
  0x5b, 0x7b, 0x00, 0x2b, 0x18, 0xd0, 0x00, 0x24, 0x20, 0x00, 0x03, 0xb0,
  0xf0, 0xbc, 0xbb, 0x46, 0xb2, 0x46, 0xa9, 0x46, 0xa0, 0x46, 0xf0, 0xbd,
  0x61, 0x1e, 0xcb, 0xb2, 0x04, 0x2b, 0xf2, 0xd8, 0x56, 0x22, 0x4a, 0x43,
  0x3c, 0x4b, 0x9b, 0x18, 0x1b, 0x79, 0xdb, 0x07, 0xeb, 0xd5, 0x39, 0x4b,
  0x98, 0x46, 0x5b, 0x7b, 0x00, 0x2b, 0xe6, 0xd1, 0x01, 0x21, 0x38, 0x4b,
  0x49, 0x42, 0x18, 0x68, 0x9b, 0x46, 0x01, 0xf0, 0x57, 0xfd, 0x43, 0x46,
  0x5b, 0x7b, 0xda, 0xb2, 0x00, 0x2b, 0x04, 0xd0, 0x5b, 0x46, 0x18, 0x68,
  0x01, 0xf0, 0x3e, 0xfd, 0xd5, 0xe7, 0x41, 0x46, 0x01, 0x23, 0x4b, 0x73,
  0xca, 0x81, 0x52, 0x46, 0x2e, 0x4b, 0x0a, 0x60, 0x9a, 0x46, 0x0e, 0x9a,
  0xd0, 0x23, 0x4a, 0x60, 0x0f, 0x9a, 0x0c, 0x73, 0x8a, 0x60, 0x52, 0x46,
  0x39, 0x02, 0x31, 0x43, 0xdb, 0x00, 0x13, 0x80, 0x51, 0x80, 0x53, 0x46,
  0x95, 0x80, 0x4a, 0x46, 0xda, 0x80, 0x5b, 0x46, 0x18, 0x68, 0x01, 0xf0,
  0x21, 0xfd, 0x61, 0x1e, 0xcb, 0xb2, 0x04, 0x2b, 0x37, 0xd8, 0x56, 0x22,
  0x4a, 0x43, 0x1e, 0x4b, 0xd0, 0x5c, 0x0e, 0x9b, 0x00, 0x2b, 0x05, 0xd0,
  0x21, 0x00, 0x52, 0x46, 0xff, 0xf7, 0xde, 0xf8, 0x04, 0x00, 0xa9, 0xe7,
  0x6b, 0x46, 0xdd, 0x1d, 0x04, 0x23, 0x2b, 0x70, 0x43, 0x46, 0x42, 0x46,
  0x9d, 0x60, 0x18, 0x4b, 0x21, 0x00, 0x53, 0x60, 0x52, 0x46, 0xff, 0xf7,
  0xcf, 0xf8, 0x04, 0x1e, 0x99, 0xd0, 0x15, 0x4e, 0x15, 0x4f, 0x2b, 0x78,
  0x04, 0x2b, 0x0c, 0xd1, 0x33, 0x78, 0xff, 0x2b, 0xf9, 0xd0, 0x38, 0x68,
  0x01, 0xf0, 0xf2, 0xfb, 0x00, 0x28, 0xf4, 0xd1, 0x00, 0x21, 0x01, 0x38,
  0xff, 0xf7, 0xb6, 0xfd, 0xef, 0xe7, 0x0f, 0x9b, 0x00, 0x2b, 0x02, 0xd0,
  0x1a, 0x00, 0x2b, 0x78, 0x13, 0x70, 0x2b, 0x78, 0x43, 0x46, 0xdb, 0x89,
  0x7e, 0xe7, 0x01, 0x4b, 0x18, 0x78, 0xc8, 0xe7, 0xb4, 0x09, 0x00, 0x20,
  0xa4, 0x09, 0x00, 0x20, 0x00, 0x0c, 0x00, 0x20, 0xb8, 0x0e, 0x00, 0x20,
  0xb0, 0x0d, 0x00, 0x20, 0x99, 0x40, 0x00, 0x10, 0x0c, 0x06, 0x00, 0x20,
  0xc4, 0x0e, 0x00, 0x20, 0xf0, 0xb5, 0x4e, 0x46, 0xde, 0x46, 0x57, 0x46,
  0x45, 0x46, 0xe0, 0xb5, 0xc6, 0x78, 0x04, 0x00, 0x95, 0xb0, 0x00, 0x2e,
  0x0a, 0xd1, 0xdc, 0x4b, 0x07, 0x78, 0x1e, 0x70, 0x43, 0x69, 0x0c, 0x2b,
  0x00, 0xd9, 0xef, 0xe1, 0xd9, 0x4a, 0x9b, 0x00, 0xd3, 0x58, 0x9f, 0x46,
  0xd8, 0x4d, 0xeb, 0x78, 0xdb, 0x06, 0x0d, 0xd5, 0xd4, 0x4a, 0x13, 0x78,
  0x02, 0x2b, 0x09, 0xd8, 0x64, 0x20, 0x01, 0x33, 0x13, 0x70, 0xfb, 0xf7,
  0xf5, 0xfb, 0x20, 0x00, 0xff, 0xf7, 0x8a, 0xfe, 0x00, 0x28, 0x07, 0xd1,
  0x10, 0x22, 0xeb, 0x78, 0x68, 0x78, 0x93, 0x43, 0xeb, 0x70, 0x00, 0x28,
  0x00, 0xd0, 0xda, 0xe1, 0x15, 0xb0, 0xf0, 0xbc, 0xbb, 0x46, 0xb2, 0x46,
  0xa9, 0x46, 0xa0, 0x46, 0xf0, 0xbd, 0x01, 0x22, 0xc8, 0x4b, 0x9b, 0x68,
  0x0e, 0x93, 0x13, 0x42, 0x00, 0xd1, 0xc3, 0xe1, 0x08, 0xab, 0x5b, 0x7e,
  0x02, 0x21, 0x58, 0x07, 0x01, 0xd4, 0x59, 0x08, 0x11, 0x40, 0x0f, 0x20,
  0xc0, 0x4a, 0xd3, 0x78, 0x83, 0x43, 0x0b, 0x43, 0xd3, 0x70, 0x08, 0xab,
  0x9b, 0x7e, 0xdb, 0x06, 0xe0, 0xd5, 0x91, 0x78, 0x50, 0x78, 0x03, 0x22,
  0xbc, 0x4b, 0x00, 0x92, 0x11, 0x32, 0x00, 0xf0, 0x43, 0xff, 0xd7, 0xe7,
  0x08, 0xab, 0x9c, 0x46, 0x1a, 0x20, 0x05, 0x22, 0x00, 0x21, 0x60, 0x44,
  0xfd, 0xf7, 0x98, 0xfd, 0xb6, 0x4b, 0x08, 0xaa, 0x13, 0x83, 0x08, 0x23,
  0x93, 0x83, 0xb1, 0x4b, 0x00, 0x21, 0x18, 0x78, 0x0e, 0xaa, 0xfe, 0xf7,
  0x6d, 0xfd, 0x00, 0x28, 0xc2, 0xd0, 0xb1, 0x4b, 0x08, 0x22, 0x0c, 0x93,
  0x80, 0x23, 0x00, 0x21, 0x1b, 0x03, 0x0e, 0xa8, 0x0d, 0x93, 0xfd, 0xf7,
  0x81, 0xfd, 0x0c, 0xab, 0x10, 0x93, 0xac, 0x4b, 0x0e, 0xa8, 0x11, 0x93,
  0xa7, 0x4b, 0x12, 0x93, 0x07, 0x23, 0x13, 0x93, 0xff, 0xf7, 0x2e, 0xfe,
  0xac, 0xe7, 0x06, 0x24, 0x32, 0x20, 0xfb, 0xf7, 0x91, 0xfb, 0xa0, 0x48,
  0xa1, 0x4b, 0x81, 0x78, 0xa3, 0x4a, 0x40, 0x78, 0x00, 0x94, 0x00, 0xf0,
  0x2f, 0xff, 0x9f, 0xe7, 0x9c, 0x4b, 0x9b, 0x68, 0x0e, 0x93, 0xdb, 0x02,
  0x9a, 0xd5, 0x99, 0x4a, 0x9a, 0x4b, 0x91, 0x78, 0x50, 0x78, 0x07, 0x22,
  0x00, 0x92, 0x0d, 0x32, 0x00, 0xf0, 0xfc, 0xfe, 0x90, 0xe7, 0x95, 0x49,
  0x0b, 0x7b, 0x09, 0x2b, 0x00, 0xd1, 0x69, 0xe1, 0x97, 0x4b, 0x01, 0x20,
  0x08, 0x93, 0x1b, 0x79, 0xdb, 0x07, 0x11, 0xd5, 0x5a, 0x23, 0x08, 0x9a,
  0xd3, 0x5c, 0xdb, 0x07, 0x00, 0xd4, 0x41, 0xe2, 0xb0, 0x23, 0xd3, 0x5c,
  0xdb, 0x07, 0x00, 0xd4, 0x32, 0xe2, 0x83, 0x23, 0x5b, 0x00, 0xd3, 0x5c,
  0x04, 0x20, 0xdb, 0x07, 0x00, 0xd5, 0x73, 0xe7, 0x56, 0x23, 0x45, 0x1e,
  0x6b, 0x43, 0x08, 0x9d, 0x83, 0x4a, 0xac, 0x46, 0x14, 0x88, 0x63, 0x44,
  0x1c, 0x80, 0x94, 0x78, 0xd2, 0x78, 0x9c, 0x70, 0x01, 0x24, 0x12, 0x07,
  0x12, 0x0f, 0xda, 0x70, 0x1a, 0x79, 0x22, 0x43, 0x1a, 0x71, 0xca, 0x7b,
  0x0c, 0xac, 0x5a, 0x71, 0xa0, 0x23, 0xdb, 0x00, 0x23, 0x80, 0x00, 0x23,
  0x60, 0x80, 0x10, 0x22, 0x00, 0x21, 0x0e, 0xa8, 0x0d, 0x93, 0xfd, 0xf7,
  0x1b, 0xfd, 0x77, 0x4b, 0x0e, 0xa8, 0x12, 0x93, 0x08, 0x23, 0x10, 0x94,
  0x13, 0x93, 0xff, 0xf7, 0xcb, 0xfd, 0x49, 0xe7, 0x02, 0x20, 0xfb, 0xf7,
  0x2f, 0xfb, 0xa3, 0x68, 0x9f, 0x78, 0x7b, 0x1e, 0xda, 0xb2, 0x04, 0x2a,
  0x00, 0xd9, 0x3f, 0xe7, 0x56, 0x25, 0x02, 0x22, 0x5d, 0x43, 0x70, 0x4c,
  0x00, 0x21, 0x66, 0x19, 0x33, 0x79, 0x13, 0x43, 0x33, 0x71, 0x67, 0x4b,
  0x18, 0x78, 0xfe, 0xf7, 0x9d, 0xfa, 0x08, 0xab, 0x9c, 0x46, 0x1a, 0x20,
  0x05, 0x22, 0x00, 0x21, 0x60, 0x44, 0x76, 0x79, 0xfd, 0xf7, 0xf2, 0xfc,
  0x63, 0x4b, 0x08, 0xaa, 0x13, 0x83, 0x96, 0x83, 0x39, 0x00, 0x28, 0x5d,
  0x0e, 0xaa, 0xfe, 0xf7, 0xc9, 0xfc, 0x00, 0x28, 0x00, 0xd1, 0x1d, 0xe7,
  0x09, 0x23, 0x03, 0x93, 0x5b, 0x4b, 0x00, 0x22, 0x02, 0x93, 0x12, 0x23,
  0x01, 0x93, 0x5c, 0x4b, 0x01, 0x21, 0x00, 0x93, 0x38, 0x00, 0x00, 0x23,
  0xff, 0xf7, 0x30, 0xfe, 0x0e, 0xe7, 0x79, 0x1e, 0xcb, 0xb2, 0x04, 0x2b,
  0x00, 0xd9, 0x09, 0xe7, 0x56, 0x22, 0x4a, 0x43, 0x50, 0x4d, 0x55, 0x4b,
  0x28, 0x8a, 0x99, 0x18, 0xc8, 0x80, 0x68, 0x8a, 0x0e, 0xac, 0x08, 0x81,
  0xe8, 0x8a, 0x08, 0x22, 0x48, 0x81, 0x2b, 0x7e, 0x20, 0x00, 0x0b, 0x73,
  0x4f, 0x4b, 0x00, 0x21, 0x0c, 0x93, 0x90, 0x23, 0x1b, 0x03, 0x0d, 0x93,
  0xfd, 0xf7, 0xba, 0xfc, 0x0c, 0xab, 0x27, 0x70, 0x10, 0x93, 0x45, 0x4b,
  0x08, 0x35, 0x12, 0x93, 0x0a, 0x23, 0x20, 0x00, 0x11, 0x95, 0x13, 0x93,
  0xff, 0xf7, 0x66, 0xfd, 0xe4, 0xe6, 0x80, 0x22, 0x3e, 0x4d, 0x52, 0x00,
  0x6b, 0x89, 0x93, 0x42, 0x00, 0xd9, 0xdd, 0xe6, 0x41, 0x4a, 0x0c, 0xae,
  0x0c, 0x92, 0x00, 0x22, 0x0e, 0xac, 0xb2, 0x80, 0xf3, 0x80, 0x00, 0x21,
  0x20, 0x00, 0x08, 0x32, 0xfd, 0xf7, 0x9a, 0xfc, 0x36, 0x4b, 0x27, 0x70,
  0x12, 0x93, 0x0b, 0x23, 0x08, 0x35, 0x20, 0x00, 0x10, 0x96, 0x11, 0x95,
  0x13, 0x93, 0xff, 0xf7, 0x47, 0xfd, 0xc5, 0xe6, 0x36, 0x4b, 0x0e, 0xac,
  0x0c, 0x93, 0x00, 0x23, 0x10, 0x22, 0x00, 0x21, 0x20, 0x00, 0x0d, 0x93,
  0xfd, 0xf7, 0x84, 0xfc, 0x0c, 0xab, 0x27, 0x70, 0x10, 0x93, 0x2a, 0x4b,
  0x20, 0x00, 0x12, 0x93, 0x0c, 0x23, 0x13, 0x93, 0xff, 0xf7, 0x32, 0xfd,
  0xb0, 0xe6, 0x7c, 0x1e, 0xe3, 0xb2, 0x04, 0x2b, 0x00, 0xd9, 0xab, 0xe6,
  0x56, 0x23, 0x63, 0x43, 0x26, 0x49, 0x9b, 0x46, 0x0a, 0x00, 0x04, 0x20,
  0x5a, 0x44, 0x13, 0x79, 0x08, 0x91, 0x03, 0x43, 0x13, 0x71, 0x1d, 0x4b,
  0x1a, 0x00, 0x58, 0x89, 0x1d, 0x7a, 0x08, 0x32, 0x80, 0x18, 0xad, 0x18,
  0x21, 0x4b, 0x06, 0x90, 0xa8, 0x42, 0x00, 0xd8, 0x58, 0xe1, 0x88, 0x46,
  0xb9, 0x46, 0x9a, 0x46, 0x1e, 0x4b, 0x0a, 0x96, 0x0b, 0x94, 0x05, 0x93,
  0x2a, 0x78, 0x00, 0x2a, 0x00, 0xd1, 0x30, 0xe1, 0x6b, 0x78, 0x01, 0x26,
  0x0b, 0x2b, 0x02, 0xd1, 0xee, 0x78, 0xad, 0x18, 0x6b, 0x78, 0x04, 0x2b,
  0x00, 0xd0, 0x7f, 0xe6, 0x06, 0x9b, 0x31, 0x00, 0x5a, 0x1b, 0x28, 0x00,
  0x92, 0xb2, 0xfb, 0xf7, 0x25, 0xfb, 0x08, 0x28, 0x00, 0xd8, 0x75, 0xe6,
  0x53, 0x46, 0x2f, 0x00, 0x1a, 0x78, 0x4d, 0x46, 0x09, 0x93, 0x00, 0x24,
  0x00, 0x23, 0x81, 0x46, 0x07, 0x96, 0x33, 0xe0, 0x27, 0x13, 0x00, 0x20,
  0x84, 0x6a, 0x00, 0x10, 0xb4, 0x09, 0x00, 0x20, 0xb0, 0x0d, 0x00, 0x20,
  0xa5, 0x4a, 0x00, 0x10, 0x07, 0x05, 0x00, 0x00, 0x80, 0x06, 0x00, 0x01,
  0xb8, 0x0d, 0x00, 0x20, 0x00, 0x0c, 0x00, 0x20, 0x80, 0x06, 0x00, 0x02,
  0x00, 0x09, 0x01, 0x00, 0x24, 0x13, 0x00, 0x20, 0xb8, 0x6a, 0x00, 0x10,
  0x95, 0x4b, 0xe1, 0x00, 0x1b, 0x68, 0x09, 0x1b, 0x89, 0x00, 0x5b, 0x18,
  0x00, 0x2b, 0x0b, 0xd0, 0x42, 0x46, 0x59, 0x46, 0xde, 0x68, 0x50, 0x5c,
  0x4b, 0x46, 0x3a, 0x00, 0x29, 0x00, 0xb0, 0x47, 0x00, 0x28, 0x4e, 0xd1,
  0x53, 0x46, 0x1a, 0x78, 0x01, 0x34, 0xe4, 0xb2, 0x51, 0x1c, 0x23, 0x00,
  0x8c, 0x42, 0x20, 0xdc, 0xa2, 0x42, 0xe3, 0xd8, 0x9a, 0x1a, 0xd3, 0x00,
  0x9b, 0x1a, 0x05, 0x9a, 0x9b, 0x00, 0x94, 0x46, 0x63, 0x44, 0xe3, 0xe7,
  0x10, 0x21, 0x84, 0x4b, 0xda, 0x78, 0x58, 0x78, 0x8a, 0x43, 0xda, 0x70,
  0x00, 0x28, 0x00, 0xd1, 0x24, 0xe6, 0x00, 0xf0, 0x1f, 0xfe, 0x21, 0xe6,
  0x7f, 0x4b, 0x05, 0x20, 0x1a, 0x00, 0x08, 0x93, 0xae, 0x23, 0x5b, 0x00,
  0xd3, 0x5c, 0xdb, 0x07, 0x00, 0xd5, 0x17, 0xe6, 0xa2, 0xe6, 0x4b, 0x46,
  0xa9, 0x46, 0x3d, 0x00, 0x1f, 0x00, 0x06, 0x9b, 0xed, 0x19, 0xab, 0x42,
  0x00, 0xd9, 0x7f, 0xe7, 0x4f, 0x46, 0x0a, 0x9e, 0x0b, 0x9c, 0x09, 0x9b,
  0x08, 0x9d, 0x1a, 0x78, 0x70, 0x4b, 0xac, 0x46, 0x19, 0x68, 0x56, 0x23,
  0x63, 0x43, 0x63, 0x44, 0x5d, 0x7b, 0x50, 0x1c, 0xaa, 0x42, 0x2b, 0xd8,
  0xa8, 0x42, 0x2f, 0xdb, 0xad, 0x1a, 0xeb, 0x00, 0x6c, 0x4a, 0x5b, 0x1b,
  0x9b, 0x00, 0x9b, 0x18, 0x31, 0x00, 0x38, 0x00, 0x1b, 0x69, 0x98, 0x47,
  0xf0, 0xe5, 0x4b, 0x46, 0x07, 0x9e, 0xa9, 0x46, 0x3d, 0x00, 0x1f, 0x00,
  0x00, 0x2e, 0x0e, 0xd0, 0x40, 0x46, 0xab, 0x78, 0x58, 0x44, 0xf6, 0x18,
  0xf6, 0xb2, 0xc2, 0x18, 0x51, 0x7b, 0xff, 0x29, 0x00, 0xd0, 0xdf, 0xe5,
  0x01, 0x33, 0xdb, 0xb2, 0x54, 0x73, 0xb3, 0x42, 0xf5, 0xd1, 0x58, 0x46,
  0x15, 0x30, 0x23, 0x00, 0x3a, 0x00, 0x29, 0x00, 0x40, 0x44, 0xfb, 0xf7,
  0x65, 0xfa, 0xbe, 0xe7, 0xeb, 0x00, 0x5b, 0x1b, 0x9b, 0x00, 0xcb, 0x18,
  0x00, 0x2b, 0xd5, 0xd1, 0x56, 0x23, 0x08, 0x9d, 0x63, 0x43, 0xac, 0x46,
  0x63, 0x44, 0x9d, 0x7b, 0x95, 0x42, 0x5a, 0xd3, 0x01, 0x26, 0x85, 0x42,
  0xc4, 0xdd, 0x56, 0x23, 0x08, 0x9d, 0x63, 0x43, 0xac, 0x46, 0x63, 0x44,
  0xdd, 0x7b, 0x95, 0x42, 0x57, 0xd3, 0x02, 0x26, 0x85, 0x42, 0xb9, 0xdd,
  0x56, 0x23, 0x08, 0x9d, 0x63, 0x43, 0xac, 0x46, 0x63, 0x44, 0x1d, 0x7c,
  0x95, 0x42, 0x5a, 0xd3, 0x03, 0x26, 0x85, 0x42, 0xae, 0xdd, 0x56, 0x23,
  0x08, 0x9d, 0x63, 0x43, 0xac, 0x46, 0x63, 0x44, 0x5d, 0x7c, 0xaa, 0x42,
  0x5c, 0xd8, 0x04, 0x26, 0xa8, 0x42, 0xa3, 0xda, 0x56, 0x23, 0x08, 0x9d,
  0x63, 0x43, 0xac, 0x46, 0x63, 0x44, 0x9d, 0x7c, 0xaa, 0x42, 0x5d, 0xd8,
  0x05, 0x26, 0xa8, 0x42, 0x98, 0xda, 0x56, 0x23, 0x08, 0x9d, 0x63, 0x43,
  0xac, 0x46, 0x63, 0x44, 0xdd, 0x7c, 0xaa, 0x42, 0x5a, 0xd8, 0x06, 0x26,
  0xa8, 0x42, 0x8d, 0xda, 0x56, 0x23, 0x63, 0x43, 0x08, 0x9c, 0xa4, 0x46,
  0x63, 0x44, 0x1d, 0x7d, 0x95, 0x42, 0x56, 0xd2, 0x1c, 0x23, 0x6b, 0x43,
  0xcb, 0x18, 0x07, 0x26, 0x00, 0x2b, 0x85, 0xd1, 0x10, 0x21, 0x2b, 0x4b,
  0xda, 0x78, 0x58, 0x78, 0x8a, 0x43, 0xda, 0x70, 0x00, 0x28, 0x28, 0xd1,
  0x05, 0x2f, 0x00, 0xd1, 0x70, 0xe5, 0x29, 0x4b, 0x00, 0x2b, 0x00, 0xd1,
  0x6c, 0xe5, 0x38, 0x00, 0x00, 0xe0, 0x00, 0xbf, 0x68, 0xe5, 0xeb, 0x00,
  0x5b, 0x1b, 0x9b, 0x00, 0xcb, 0x18, 0x00, 0x2b, 0xa1, 0xd0, 0x01, 0x26,
  0x6a, 0xe7, 0xeb, 0x00, 0x5b, 0x1b, 0x9b, 0x00, 0xcb, 0x18, 0x00, 0x2b,
  0xa4, 0xd0, 0x02, 0x26, 0x62, 0xe7, 0x1e, 0x4b, 0x4f, 0x46, 0x0a, 0x9e,
  0x0b, 0x9c, 0x09, 0x93, 0x47, 0xe7, 0xeb, 0x00, 0x5b, 0x1b, 0x9b, 0x00,
  0xcb, 0x18, 0x00, 0x2b, 0xa1, 0xd0, 0x03, 0x26, 0x54, 0xe7, 0x00, 0xf0,
  0x45, 0xfd, 0xd3, 0xe7, 0x03, 0x20, 0xd1, 0xe5, 0xeb, 0x00, 0x5b, 0x1b,
  0x9b, 0x00, 0xcb, 0x18, 0x00, 0x2b, 0x9f, 0xd0, 0x04, 0x26, 0x47, 0xe7,
  0x02, 0x20, 0xc7, 0xe5, 0x09, 0x93, 0x2e, 0xe7, 0xeb, 0x00, 0x5b, 0x1b,
  0x9b, 0x00, 0xcb, 0x18, 0x00, 0x2b, 0x9e, 0xd0, 0x05, 0x26, 0x3b, 0xe7,
  0x1c, 0x23, 0x6b, 0x43, 0xcb, 0x18, 0x00, 0x2b, 0xa2, 0xd0, 0x06, 0x26,
  0x34, 0xe7, 0xa8, 0x42, 0xac, 0xdb, 0x07, 0x26, 0x2a, 0xe7, 0xc0, 0x46,
  0xa0, 0x09, 0x00, 0x20, 0xb4, 0x09, 0x00, 0x20, 0x00, 0x0c, 0x00, 0x20,
  0xb8, 0x6a, 0x00, 0x10, 0x00, 0x00, 0x00, 0x00, 0x24, 0x13, 0x00, 0x20,
  0x30, 0xb5, 0x2e, 0x4c, 0x87, 0xb0, 0x0d, 0x1e, 0x20, 0x70, 0x61, 0x70,
  0xa2, 0x70, 0x1a, 0xd1, 0xfe, 0xf7, 0x58, 0xf8, 0x32, 0x20, 0xfb, 0xf7,
  0xf5, 0xf8, 0x20, 0x78, 0xfe, 0xf7, 0x54, 0xf8, 0xe1, 0x20, 0x40, 0x00,
  0xfb, 0xf7, 0xee, 0xf8, 0x20, 0x78, 0xfe, 0xf7, 0x4f, 0xf8, 0x00, 0x28,
  0x17, 0xd1, 0x10, 0x22, 0xe3, 0x78, 0x60, 0x78, 0x93, 0x43, 0xe3, 0x70,
  0x00, 0x28, 0x0e, 0xd0, 0x00, 0xf0, 0xf4, 0xfc, 0x0b, 0xe0, 0xe1, 0x20,
  0x40, 0x00, 0xfb, 0xf7, 0xdb, 0xf8, 0xa1, 0x78, 0x60, 0x78, 0x02, 0x24,
  0x1a, 0x4b, 0x1b, 0x4a, 0x00, 0x94, 0x00, 0xf0, 0x79, 0xfc, 0x07, 0xb0,
  0x30, 0xbd, 0x20, 0x78, 0xfe, 0xf7, 0x3e, 0xf8, 0x0f, 0x22, 0x03, 0x00,
  0xe0, 0x78, 0x13, 0x40, 0x90, 0x43, 0x18, 0x43, 0xe0, 0x70, 0x12, 0x20,
  0x13, 0x4b, 0x00, 0x21, 0x0a, 0x3a, 0x68, 0x44, 0x1d, 0x70, 0xfd, 0xf7,
  0x9f, 0xfa, 0x08, 0x25, 0x6a, 0x46, 0x10, 0x4b, 0x95, 0x82, 0x13, 0x82,
  0x00, 0x21, 0x20, 0x78, 0x04, 0xaa, 0xfe, 0xf7, 0x75, 0xfa, 0x00, 0x28,
  0xdf, 0xd0, 0x07, 0x23, 0x03, 0x93, 0x07, 0x4b, 0x00, 0x22, 0x02, 0x93,
  0x06, 0x4b, 0x01, 0x21, 0x00, 0x93, 0x01, 0x95, 0x00, 0x23, 0x00, 0x20,
  0xff, 0xf7, 0xde, 0xfb, 0xd1, 0xe7, 0xc0, 0x46, 0xb4, 0x09, 0x00, 0x20,
  0xa5, 0x4a, 0x00, 0x10, 0xb8, 0x0d, 0x00, 0x20, 0x27, 0x13, 0x00, 0x20,
  0x07, 0x05, 0x00, 0x00, 0x01, 0x38, 0xc3, 0xb2, 0x04, 0x2b, 0x04, 0xd8,
  0x56, 0x22, 0x42, 0x43, 0x02, 0x4b, 0xd0, 0x5c, 0x70, 0x47, 0x02, 0x4b,
  0x18, 0x78, 0xfb, 0xe7, 0x00, 0x0c, 0x00, 0x20, 0xb4, 0x09, 0x00, 0x20,
  0x00, 0x48, 0x70, 0x47, 0xb8, 0x0d, 0x00, 0x20, 0x01, 0x38, 0xc2, 0xb2,
  0x70, 0xb5, 0x04, 0x2a, 0x17, 0xd8, 0x56, 0x22, 0x42, 0x43, 0x0c, 0x4c,
  0xa3, 0x18, 0x1b, 0x79, 0xdb, 0x07, 0xd8, 0x0f, 0x00, 0x2b, 0x00, 0xd1,
  0x70, 0xbd, 0x7f, 0x20, 0x08, 0x4b, 0x08, 0x40, 0x1d, 0x68, 0xcb, 0x09,
  0x35, 0x33, 0x40, 0x00, 0xc0, 0x18, 0x80, 0x18, 0x29, 0x00, 0x00, 0x19,
  0xfb, 0xf7, 0x92, 0xf8, 0xf0, 0xe7, 0x00, 0x20, 0xee, 0xe7, 0xc0, 0x46,
  0x00, 0x0c, 0x00, 0x20, 0xb8, 0x0e, 0x00, 0x20, 0x01, 0x38, 0xc2, 0xb2,
  0x70, 0xb5, 0x04, 0x2a, 0x17, 0xd8, 0x56, 0x22, 0x42, 0x43, 0x0c, 0x4c,
  0xa3, 0x18, 0x1b, 0x79, 0xdb, 0x07, 0xd8, 0x0f, 0x00, 0x2b, 0x00, 0xd1,
  0x70, 0xbd, 0x7f, 0x20, 0x08, 0x4b, 0x08, 0x40, 0x1d, 0x68, 0xcb, 0x09,
  0x35, 0x33, 0x40, 0x00, 0xc0, 0x18, 0x80, 0x18, 0x29, 0x00, 0x00, 0x19,
  0xfb, 0xf7, 0x96, 0xf8, 0xf0, 0xe7, 0x00, 0x20, 0xee, 0xe7, 0xc0, 0x46,
  0x00, 0x0c, 0x00, 0x20, 0xb8, 0x0e, 0x00, 0x20, 0xf0, 0xb5, 0xc6, 0x46,
  0x00, 0xb5, 0x05, 0x00, 0x01, 0x38, 0xc4, 0xb2, 0x98, 0x46, 0x82, 0xb0,
  0x04, 0x2c, 0x0d, 0xd8, 0x56, 0x23, 0x7f, 0x24, 0x58, 0x43, 0x0c, 0x40,
  0x13, 0x4f, 0x64, 0x00, 0x24, 0x18, 0xce, 0x09, 0x3c, 0x19, 0xa4, 0x19,
  0x30, 0x34, 0x66, 0x79, 0xf6, 0x07, 0x04, 0xd5, 0x00, 0x20, 0x02, 0xb0,
  0x80, 0xbc, 0xb8, 0x46, 0xf0, 0xbd, 0x01, 0x23, 0x9c, 0x46, 0x63, 0x46,
  0x66, 0x79, 0x1e, 0x43, 0x43, 0x46, 0x66, 0x71, 0xc0, 0x5d, 0x00, 0x93,
  0x13, 0x00, 0x0a, 0x00, 0x29, 0x00, 0xfe, 0xf7, 0xed, 0xfa, 0x00, 0x28,
  0xeb, 0xd1, 0x01, 0x22, 0x63, 0x79, 0x93, 0x43, 0x63, 0x71, 0x63, 0x79,
  0x03, 0x32, 0x93, 0x43, 0x63, 0x71, 0xe1, 0xe7, 0x00, 0x0c, 0x00, 0x20,
  0xf8, 0xb5, 0x43, 0x1e, 0xda, 0xb2, 0x04, 0x00, 0x0d, 0x00, 0x04, 0x2a,
  0x11, 0xd8, 0x56, 0x26, 0x5e, 0x43, 0x0d, 0x4f, 0x28, 0x00, 0xbb, 0x19,
  0xd9, 0x78, 0xfb, 0xf7, 0x63, 0xf8, 0x00, 0x28, 0x05, 0xd0, 0xf0, 0x5d,
  0x2a, 0x00, 0x21, 0x00, 0xfe, 0xf7, 0xb0, 0xf9, 0xf8, 0xbd, 0x00, 0x20,
  0xfc, 0xe7, 0x06, 0x4e, 0x28, 0x00, 0xf1, 0x78, 0x09, 0x07, 0x09, 0x0f,
  0xfb, 0xf7, 0x52, 0xf8, 0x00, 0x28, 0xf4, 0xd0, 0x30, 0x78, 0xed, 0xe7,
  0x00, 0x0c, 0x00, 0x20, 0xb4, 0x09, 0x00, 0x20, 0xf0, 0xb5, 0x57, 0x46,
  0x4e, 0x46, 0x45, 0x46, 0xde, 0x46, 0xe0, 0xb5, 0x83, 0xb0, 0x04, 0x00,
  0x0c, 0xa8, 0x1d, 0x00, 0x08, 0xc8, 0x0f, 0x00, 0x9a, 0x46, 0x03, 0x88,
  0x16, 0x00, 0x99, 0x46, 0x00, 0x2c, 0x11, 0xd1, 0x46, 0x4b, 0xdb, 0x78,
  0xdb, 0x06, 0x04, 0xd5, 0x45, 0x4b, 0x98, 0x46, 0x5b, 0x7b, 0x00, 0x2b,
  0x18, 0xd0, 0x00, 0x24, 0x20, 0x00, 0x03, 0xb0, 0xf0, 0xbc, 0xbb, 0x46,
  0xb2, 0x46, 0xa9, 0x46, 0xa0, 0x46, 0xf0, 0xbd, 0x61, 0x1e, 0xcb, 0xb2,
  0x04, 0x2b, 0xf2, 0xd8, 0x56, 0x22, 0x4a, 0x43, 0x3c, 0x4b, 0x9b, 0x18,
  0x1b, 0x79, 0xdb, 0x07, 0xeb, 0xd5, 0x39, 0x4b, 0x98, 0x46, 0x5b, 0x7b,
  0x00, 0x2b, 0xe6, 0xd1, 0x01, 0x21, 0x38, 0x4b, 0x49, 0x42, 0x18, 0x68,
  0x9b, 0x46, 0x01, 0xf0, 0x6d, 0xf8, 0x43, 0x46, 0x5b, 0x7b, 0xda, 0xb2,
  0x00, 0x2b, 0x04, 0xd0, 0x5b, 0x46, 0x18, 0x68, 0x01, 0xf0, 0x54, 0xf8,
  0xd5, 0xe7, 0x41, 0x46, 0x01, 0x23, 0x4b, 0x73, 0xca, 0x81, 0x52, 0x46,
  0x2e, 0x4b, 0x0a, 0x60, 0x9a, 0x46, 0x0e, 0x9a, 0x2d, 0x4b, 0x4a, 0x60,
  0x0f, 0x9a, 0x0c, 0x73, 0x8a, 0x60, 0x52, 0x46, 0x13, 0x80, 0x53, 0x46,
  0x32, 0x02, 0x2a, 0x43, 0x5a, 0x80, 0x4a, 0x46, 0x9f, 0x80, 0xda, 0x80,
  0x5b, 0x46, 0x18, 0x68, 0x01, 0xf0, 0x38, 0xf8, 0x61, 0x1e, 0xcb, 0xb2,
  0x04, 0x2b, 0x37, 0xd8, 0x56, 0x22, 0x4a, 0x43, 0x1e, 0x4b, 0xd0, 0x5c,
  0x0e, 0x9b, 0x00, 0x2b, 0x05, 0xd0, 0x21, 0x00, 0x52, 0x46, 0xfe, 0xf7,
  0xf5, 0xfb, 0x04, 0x00, 0xaa, 0xe7, 0x6b, 0x46, 0xdd, 0x1d, 0x04, 0x23,
  0x2b, 0x70, 0x43, 0x46, 0x42, 0x46, 0x9d, 0x60, 0x19, 0x4b, 0x21, 0x00,
  0x53, 0x60, 0x52, 0x46, 0xfe, 0xf7, 0xe6, 0xfb, 0x04, 0x1e, 0x9a, 0xd0,
  0x16, 0x4e, 0x17, 0x4f, 0x2b, 0x78, 0x04, 0x2b, 0x0c, 0xd1, 0x33, 0x78,
  0xff, 0x2b, 0xf9, 0xd0, 0x38, 0x68, 0x00, 0xf0, 0x09, 0xff, 0x00, 0x28,
  0xf4, 0xd1, 0x00, 0x21, 0x01, 0x38, 0xff, 0xf7, 0xcd, 0xf8, 0xef, 0xe7,
  0x0f, 0x9b, 0x00, 0x2b, 0x02, 0xd0, 0x1a, 0x00, 0x2b, 0x78, 0x13, 0x70,
  0x2b, 0x78, 0x43, 0x46, 0xdb, 0x89, 0x7f, 0xe7, 0x01, 0x4b, 0x18, 0x78,
  0xc8, 0xe7, 0xc0, 0x46, 0xb4, 0x09, 0x00, 0x20, 0xa4, 0x09, 0x00, 0x20,
  0x00, 0x0c, 0x00, 0x20, 0xb8, 0x0e, 0x00, 0x20, 0xb0, 0x0d, 0x00, 0x20,
  0x81, 0x06, 0x00, 0x00, 0x99, 0x40, 0x00, 0x10, 0x0c, 0x06, 0x00, 0x20,
  0xc4, 0x0e, 0x00, 0x20, 0xf0, 0xb5, 0x04, 0x00, 0xc6, 0x46, 0x63, 0x1e,
  0xda, 0xb2, 0x08, 0x00, 0x00, 0xb5, 0x04, 0x2a, 0x00, 0xd9, 0x8d, 0xe0,
  0x56, 0x22, 0x5a, 0x43, 0x5a, 0x4b, 0xd2, 0x18, 0x41, 0x1c, 0xc9, 0xb2,
  0x07, 0x29, 0x00, 0xd9, 0x9e, 0xe0, 0x58, 0x4b, 0x1d, 0x78, 0x6b, 0x1c,
  0x98, 0x46, 0x57, 0x4b, 0x1f, 0x68, 0x53, 0x18, 0x5b, 0x7b, 0x9d, 0x42,
  0x5e, 0xd9, 0xde, 0x00, 0xf3, 0x1a, 0x9b, 0x00, 0xfb, 0x18, 0x00, 0x2b,
  0x60, 0xd1, 0x81, 0x1c, 0xc9, 0xb2, 0x08, 0x29, 0x43, 0xd0, 0x53, 0x18,
  0x5b, 0x7b, 0x9d, 0x42, 0x5e, 0xd8, 0x98, 0x45, 0x50, 0xda, 0xc1, 0x1c,
  0xc9, 0xb2, 0x08, 0x29, 0x39, 0xd0, 0x53, 0x18, 0x5b, 0x7b, 0x9d, 0x42,
  0x5b, 0xd8, 0x98, 0x45, 0x46, 0xda, 0x01, 0x1d, 0xc9, 0xb2, 0x08, 0x29,
  0x2f, 0xd0, 0x53, 0x18, 0x5b, 0x7b, 0x9d, 0x42, 0x5d, 0xd8, 0x98, 0x45,
  0x3c, 0xda, 0x41, 0x1d, 0xc9, 0xb2, 0x08, 0x29, 0x25, 0xd0, 0x53, 0x18,
  0x5b, 0x7b, 0x9d, 0x42, 0x5a, 0xd8, 0x98, 0x45, 0x32, 0xda, 0x81, 0x1d,
  0xc9, 0xb2, 0x08, 0x29, 0x1b, 0xd0, 0x53, 0x18, 0x5b, 0x7b, 0x9d, 0x42,
  0x57, 0xd8, 0x98, 0x45, 0x28, 0xda, 0xc1, 0x1d, 0xc9, 0xb2, 0x08, 0x29,
  0x11, 0xd0, 0x53, 0x18, 0x5b, 0x7b, 0x9d, 0x42, 0x57, 0xd8, 0x98, 0x45,
  0x1e, 0xda, 0xff, 0x28, 0x09, 0xd1, 0x12, 0x7d, 0xaa, 0x42, 0x57, 0xd2,
  0xd3, 0x00, 0x9b, 0x1a, 0x9b, 0x00, 0xfb, 0x18, 0x07, 0x21, 0x00, 0x2b,
  0x18, 0xd1, 0x10, 0x21, 0x2d, 0x4b, 0xda, 0x78, 0x58, 0x78, 0x8a, 0x43,
  0xda, 0x70, 0x00, 0x28, 0x26, 0xd1, 0x04, 0x2c, 0x11, 0xd8, 0x2a, 0x4b,
  0x00, 0x2b, 0x0e, 0xd0, 0x20, 0x00, 0x00, 0xe0, 0x00, 0xbf, 0x0a, 0xe0,
  0x98, 0x45, 0xa4, 0xdb, 0x5d, 0x1b, 0xeb, 0x00, 0x25, 0x4a, 0x5b, 0x1b,
  0x9b, 0x00, 0x9b, 0x18, 0x20, 0x00, 0x1b, 0x69, 0x98, 0x47, 0x80, 0xbc,
  0xb8, 0x46, 0xf0, 0xbd, 0xde, 0x00, 0xf3, 0x1a, 0x9b, 0x00, 0xfb, 0x18,
  0x00, 0x2b, 0x9c, 0xd0, 0xf2, 0xe7, 0xde, 0x00, 0xf3, 0x1a, 0x9b, 0x00,
  0xfb, 0x18, 0x00, 0x2b, 0x9f, 0xd0, 0xeb, 0xe7, 0x00, 0x22, 0x73, 0xe7,
  0x00, 0xf0, 0xa4, 0xfa, 0xd5, 0xe7, 0xde, 0x00, 0xf3, 0x1a, 0x9b, 0x00,
  0xfb, 0x18, 0x00, 0x2b, 0x9d, 0xd0, 0xdf, 0xe7, 0xde, 0x00, 0xf3, 0x1a,
  0x9b, 0x00, 0xfb, 0x18, 0x00, 0x2b, 0xa0, 0xd0, 0xd8, 0xe7, 0xde, 0x00,
  0xf3, 0x1a, 0x9b, 0x00, 0xfb, 0x18, 0x00, 0x2b, 0xa3, 0xd0, 0xd1, 0xe7,
  0x08, 0x29, 0xd2, 0xd1, 0xb5, 0xe7, 0xde, 0x00, 0xf3, 0x1a, 0x9b, 0x00,
  0xfb, 0x18, 0x00, 0x2b, 0xa3, 0xd0, 0xc7, 0xe7, 0x13, 0x00, 0x90, 0x45,
  0xab, 0xdb, 0x07, 0x21, 0xbc, 0xe7, 0xc0, 0x46, 0x00, 0x0c, 0x00, 0x20,
  0x24, 0x13, 0x00, 0x20, 0xa0, 0x09, 0x00, 0x20, 0xb4, 0x09, 0x00, 0x20,
  0x00, 0x00, 0x00, 0x00, 0xb8, 0x6a, 0x00, 0x10, 0x70, 0xb5, 0xc3, 0x78,
  0x84, 0xb0, 0x00, 0x2b, 0x12, 0xd1, 0x01, 0xac, 0x05, 0x78, 0x83, 0x68,
  0x00, 0x21, 0x0c, 0x22, 0x20, 0x00, 0x1e, 0x79, 0xfd, 0xf7, 0x30, 0xf8,
  0x28, 0x00, 0xff, 0xf7, 0xb3, 0xfd, 0x00, 0x21, 0x20, 0x70, 0x20, 0x00,
  0x25, 0x71, 0x66, 0x71, 0x00, 0xf0, 0x20, 0xff, 0x04, 0xb0, 0x70, 0xbd,
  0x10, 0xb5, 0xc3, 0x78, 0x82, 0xb0, 0x00, 0x2b, 0x0c, 0xd1, 0x00, 0x78,
  0x06, 0x49, 0x44, 0x1f, 0x24, 0x01, 0x22, 0x1d, 0x52, 0x18, 0x09, 0x19,
  0x49, 0x78, 0x01, 0x93, 0x00, 0x93, 0x01, 0x33, 0xff, 0xf7, 0xf4, 0xfd,
  0x02, 0xb0, 0x10, 0xbd, 0xc8, 0x12, 0x00, 0x20, 0x70, 0xb5, 0xc5, 0x78,
  0x88, 0xb0, 0x00, 0x2d, 0x1a, 0xd1, 0x06, 0x78, 0x0d, 0x4b, 0x72, 0x1f,
  0x12, 0x01, 0x9b, 0x18, 0x0c, 0x4a, 0x02, 0xac, 0x92, 0x78, 0x00, 0x21,
  0x9a, 0x70, 0x0b, 0x4b, 0x10, 0x22, 0x00, 0x93, 0x01, 0x23, 0x20, 0x00,
  0x01, 0x93, 0xfc, 0xf7, 0xf7, 0xff, 0x6b, 0x46, 0x04, 0x93, 0x07, 0x4b,
  0x20, 0x00, 0x26, 0x70, 0x06, 0x93, 0x07, 0x95, 0xff, 0xf7, 0xa6, 0xf8,
  0x08, 0xb0, 0x70, 0xbd, 0xc8, 0x12, 0x00, 0x20, 0xf0, 0x0b, 0x00, 0x20,
  0x23, 0x03, 0x08, 0x00, 0xcd, 0x56, 0x00, 0x10, 0xf0, 0xb5, 0xc4, 0x78,
  0x8b, 0xb0, 0x00, 0x2c, 0x28, 0xd1, 0x83, 0x68, 0x05, 0x78, 0x1a, 0x79,
  0x1b, 0x4f, 0x5b, 0x79, 0x6e, 0x1f, 0x36, 0x01, 0x1b, 0x02, 0xb9, 0x19,
  0x13, 0x43, 0x8a, 0x78, 0x9a, 0x42, 0x1d, 0xd0, 0x01, 0x33, 0xdb, 0xb2,
  0x1a, 0x00, 0x51, 0x1e, 0x8a, 0x41, 0x03, 0x21, 0x52, 0x42, 0x11, 0x40,
  0x13, 0x4a, 0x04, 0xaf, 0x0a, 0x43, 0x02, 0xae, 0x02, 0x92, 0x00, 0x21,
  0x10, 0x22, 0x38, 0x00, 0xb3, 0x80, 0xf4, 0x80, 0xfc, 0xf7, 0xbe, 0xff,
  0x0e, 0x4b, 0x38, 0x00, 0x3d, 0x70, 0x06, 0x96, 0x08, 0x93, 0x09, 0x94,
  0xff, 0xf7, 0x6e, 0xf8, 0x0b, 0xb0, 0xf0, 0xbd, 0x32, 0x1d, 0x49, 0x78,
  0x01, 0x23, 0x28, 0x00, 0xd2, 0x19, 0x01, 0x94, 0x00, 0x94, 0xff, 0xf7,
  0x8d, 0xfd, 0x00, 0x28, 0xf2, 0xd0, 0x28, 0x00, 0xf1, 0x5d, 0xff, 0xf7,
  0x99, 0xfe, 0xed, 0xe7, 0xc8, 0x12, 0x00, 0x20, 0x20, 0x03, 0x08, 0x00,
  0xcd, 0x56, 0x00, 0x10, 0xf0, 0xb5, 0xc5, 0x78, 0x89, 0xb0, 0x00, 0x2d,
  0x29, 0xd1, 0x01, 0x27, 0x83, 0x68, 0x06, 0x78, 0x1c, 0x79, 0x59, 0x79,
  0x72, 0x1f, 0x1c, 0x4b, 0x12, 0x01, 0x9b, 0x18, 0x1b, 0x7a, 0x09, 0x02,
  0x21, 0x43, 0x1f, 0x42, 0x1d, 0xd0, 0x63, 0x1e, 0x9c, 0x41, 0x03, 0x23,
  0x64, 0x42, 0x23, 0x40, 0x16, 0x4c, 0x6a, 0x46, 0x1c, 0x43, 0xff, 0x23,
  0x00, 0x94, 0x0b, 0x40, 0x02, 0xac, 0x93, 0x80, 0xd5, 0x80, 0x00, 0x21,
  0x10, 0x22, 0x20, 0x00, 0xfc, 0xf7, 0x78, 0xff, 0x6b, 0x46, 0x26, 0x70,
  0x04, 0x93, 0x0f, 0x4b, 0x20, 0x00, 0x06, 0x93, 0x07, 0x95, 0xff, 0xf7,
  0x27, 0xf8, 0x09, 0xb0, 0xf0, 0xbd, 0x02, 0xad, 0x0c, 0x22, 0x00, 0x21,
  0x28, 0x00, 0xfc, 0xf7, 0x67, 0xff, 0x30, 0x00, 0xff, 0xf7, 0xea, 0xfc,
  0x00, 0x21, 0x28, 0x70, 0x6f, 0x70, 0x28, 0x00, 0x2e, 0x71, 0x6c, 0x71,
  0x00, 0xf0, 0x56, 0xfe, 0xeb, 0xe7, 0xc0, 0x46, 0xc8, 0x12, 0x00, 0x20,
  0x20, 0x03, 0x04, 0x00, 0x19, 0x56, 0x00, 0x10, 0x70, 0xb5, 0xc3, 0x78,
  0x88, 0xb0, 0x00, 0x2b, 0x10, 0xd1, 0x83, 0x68, 0x1c, 0x79, 0x00, 0x2c,
  0x0c, 0xd1, 0x05, 0x78, 0x1a, 0x4a, 0x6b, 0x1f, 0x1b, 0x01, 0x9b, 0x18,
  0x01, 0x22, 0x16, 0x00, 0x9b, 0x79, 0x1e, 0x40, 0x1a, 0x42, 0x16, 0xd1,
  0x9b, 0x07, 0x01, 0xd4, 0x08, 0xb0, 0x70, 0xbd, 0x02, 0xac, 0x14, 0x4b,
  0x10, 0x22, 0x00, 0x21, 0x20, 0x00, 0x00, 0x93, 0x01, 0x96, 0xfc, 0xf7,
  0x33, 0xff, 0x6b, 0x46, 0x25, 0x70, 0x04, 0x93, 0x0f, 0x4b, 0x20, 0x00,
  0x06, 0x93, 0x07, 0x96, 0xfe, 0xf7, 0xe2, 0xff, 0xea, 0xe7, 0x90, 0x23,
  0x02, 0xae, 0x5b, 0x00, 0x00, 0x21, 0x30, 0x00, 0x0f, 0x32, 0x00, 0x93,
  0x01, 0x94, 0xfc, 0xf7, 0x1f, 0xff, 0x6b, 0x46, 0x35, 0x70, 0x04, 0x93,
  0x05, 0x4b, 0x30, 0x00, 0x06, 0x93, 0x07, 0x94, 0xfe, 0xf7, 0xce, 0xff,
  0xd6, 0xe7, 0xc0, 0x46, 0xd0, 0x12, 0x00, 0x20, 0x20, 0x01, 0x01, 0x00,
  0x4d, 0x56, 0x00, 0x10, 0xf0, 0xb5, 0xc6, 0x46, 0x00, 0xb5, 0xc4, 0x78,
  0x8a, 0xb0, 0x00, 0x2c, 0x42, 0xd1, 0x83, 0x68, 0x05, 0x78, 0x5e, 0x79,
  0x18, 0x79, 0x6a, 0x1f, 0x49, 0x4b, 0x12, 0x01, 0x98, 0x46, 0x94, 0x46,
  0x01, 0x21, 0xc4, 0x44, 0x63, 0x46, 0x0f, 0x00, 0x9b, 0x7a, 0x36, 0x02,
  0x06, 0x43, 0x1f, 0x40, 0x19, 0x42, 0x33, 0xd1, 0x02, 0x21, 0x0c, 0x00,
  0x1c, 0x40, 0x19, 0x42, 0x52, 0xd1, 0x04, 0x21, 0x0f, 0x00, 0x1f, 0x40,
  0x19, 0x42, 0x45, 0xd1, 0x08, 0x21, 0x0c, 0x00, 0x1c, 0x40, 0x19, 0x42,
  0x00, 0xd0, 0x6e, 0xe0, 0x10, 0x21, 0x0f, 0x00, 0x1f, 0x40, 0x19, 0x42,
  0x5e, 0xd0, 0x43, 0x1e, 0x98, 0x41, 0x03, 0x22, 0x37, 0x4b, 0x41, 0x42,
  0x0a, 0x40, 0x13, 0x43, 0x02, 0x93, 0xff, 0x23, 0x02, 0xaf, 0x33, 0x40,
  0x04, 0xae, 0xbb, 0x80, 0x10, 0x22, 0x00, 0x21, 0x30, 0x00, 0xfc, 0x80,
  0xfc, 0xf7, 0xcc, 0xfe, 0x30, 0x4b, 0x35, 0x70, 0x30, 0x00, 0x06, 0x97,
  0x08, 0x93, 0x09, 0x94, 0xfe, 0xf7, 0x7c, 0xff, 0x0a, 0xb0, 0x80, 0xbc,
  0xb8, 0x46, 0xf0, 0xbd, 0x43, 0x1e, 0x98, 0x41, 0x41, 0x42, 0x03, 0x20,
  0xff, 0x23, 0x08, 0x40, 0x28, 0x49, 0x02, 0xaf, 0x33, 0x40, 0x01, 0x43,
  0x04, 0xae, 0x02, 0x91, 0x10, 0x22, 0xbb, 0x80, 0x00, 0x21, 0x30, 0x00,
  0xfc, 0x80, 0xfc, 0xf7, 0xad, 0xfe, 0x23, 0x4b, 0x35, 0x70, 0x30, 0x00,
  0x06, 0x97, 0x08, 0x93, 0x09, 0x94, 0xfe, 0xf7, 0x5d, 0xff, 0xdf, 0xe7,
  0x43, 0x1e, 0x98, 0x41, 0x01, 0x39, 0x1e, 0x4b, 0x40, 0x42, 0x01, 0x40,
  0x0b, 0x43, 0xc3, 0xe7, 0x43, 0x1e, 0x98, 0x41, 0x01, 0x31, 0x40, 0x42,
  0x1a, 0x4b, 0x01, 0x40, 0x0b, 0x43, 0x02, 0x93, 0xff, 0x23, 0x02, 0xac,
  0x33, 0x40, 0x04, 0xae, 0xa3, 0x80, 0x10, 0x22, 0x00, 0x21, 0x30, 0x00,
  0xe7, 0x80, 0xfc, 0xf7, 0x89, 0xfe, 0x0f, 0x4b, 0x35, 0x70, 0x30, 0x00,
  0x06, 0x94, 0x08, 0x93, 0x09, 0x97, 0xfe, 0xf7, 0x39, 0xff, 0xbb, 0xe7,
  0x63, 0x46, 0x04, 0x32, 0x59, 0x78, 0x28, 0x00, 0x01, 0x23, 0x42, 0x44,
  0x01, 0x97, 0x00, 0x97, 0xff, 0xf7, 0x58, 0xfc, 0xb0, 0xe7, 0x43, 0x1e,
  0x98, 0x41, 0x05, 0x39, 0x40, 0x42, 0x08, 0x4b, 0x01, 0x40, 0xd7, 0xe7,
  0xc8, 0x12, 0x00, 0x20, 0x20, 0x01, 0x14, 0x00, 0x4d, 0x56, 0x00, 0x10,
  0x20, 0x01, 0x10, 0x00, 0x59, 0x57, 0x00, 0x10, 0x20, 0x01, 0x12, 0x00,
  0x20, 0x01, 0x11, 0x00, 0x20, 0x01, 0x13, 0x00, 0x70, 0xb5, 0x1d, 0x00,
  0x0b, 0x00, 0x06, 0x00, 0x58, 0x1e, 0x83, 0x41, 0x03, 0x20, 0x5b, 0x42,
  0x18, 0x40, 0x90, 0x23, 0x88, 0xb0, 0x5b, 0x00, 0x03, 0x43, 0x68, 0x46,
  0x03, 0x80, 0x00, 0x23, 0x02, 0xac, 0x42, 0x80, 0x81, 0x80, 0x10, 0x22,
  0x00, 0x21, 0xc3, 0x80, 0x20, 0x00, 0xfc, 0xf7, 0x45, 0xfe, 0x6b, 0x46,
  0x04, 0x93, 0x0c, 0x9b, 0x20, 0x00, 0x26, 0x70, 0x06, 0x95, 0x07, 0x93,
  0xfe, 0xf7, 0xf4, 0xfe, 0x08, 0xb0, 0x70, 0xbd, 0xf0, 0xb5, 0x1d, 0x00,
  0x0b, 0x00, 0x16, 0x00, 0x5a, 0x1e, 0x93, 0x41, 0x03, 0x24, 0x5b, 0x42,
  0x1c, 0x40, 0xa0, 0x23, 0x89, 0xb0, 0x1c, 0x43, 0x6b, 0x46, 0x6a, 0x46,
  0x99, 0x80, 0x04, 0x23, 0x00, 0x94, 0x02, 0xac, 0x07, 0x00, 0x00, 0x21,
  0xd3, 0x80, 0x20, 0x00, 0x08, 0x22, 0xfc, 0xf7, 0x21, 0xfe, 0x6b, 0x46,
  0x04, 0x93, 0x0e, 0x9b, 0x20, 0x00, 0x27, 0x70, 0x05, 0x96, 0x06, 0x95,
  0x07, 0x93, 0xfe, 0xf7, 0xcf, 0xfe, 0x09, 0xb0, 0xf0, 0xbd, 0xc0, 0x46,
  0x10, 0xb5, 0x10, 0x22, 0x00, 0x21, 0x02, 0x48, 0xfc, 0xf7, 0x0e, 0xfe,
  0x01, 0x20, 0x10, 0xbd, 0xc8, 0x12, 0x00, 0x20, 0x01, 0x20, 0x70, 0x47,
  0x70, 0xb5, 0x14, 0x00, 0x52, 0x79, 0x0d, 0x00, 0x09, 0x2a, 0x10, 0xd1,
  0xa2, 0x79, 0x00, 0x2a, 0x0d, 0xd1, 0xe2, 0x79, 0x01, 0x2a, 0x0a, 0xd8,
  0x0f, 0x2b, 0x08, 0xd9, 0x26, 0x78, 0xa6, 0x19, 0x73, 0x78, 0x05, 0x2b,
  0x03, 0xd1, 0xf3, 0x78, 0xdb, 0x43, 0x9b, 0x07, 0x01, 0xd0, 0x00, 0x20,
  0x70, 0xbd, 0x31, 0x00, 0x28, 0x00, 0xff, 0xf7, 0x05, 0xfc, 0x00, 0x28,
  0xf7, 0xd0, 0xa2, 0x78, 0x03, 0x4b, 0x05, 0x3d, 0x29, 0x01, 0xca, 0x54,
  0xb2, 0x78, 0x5b, 0x18, 0x5a, 0x70, 0xef, 0xe7, 0xc8, 0x12, 0x00, 0x20,
  0x10, 0xb5, 0x04, 0x28, 0x06, 0xd9, 0x06, 0x4a, 0x05, 0x38, 0x00, 0x01,
  0x10, 0x18, 0x43, 0x78, 0x00, 0x2b, 0x00, 0xd1, 0x10, 0xbd, 0x10, 0x22,
  0x00, 0x21, 0xfc, 0xf7, 0xcf, 0xfd, 0xf9, 0xe7, 0xc8, 0x12, 0x00, 0x20,
  0x41, 0x1f, 0x08, 0x4b, 0x09, 0x01, 0x0a, 0x1d, 0xd2, 0x18, 0x5b, 0x18,
  0x59, 0x78, 0x00, 0x23, 0x00, 0xb5, 0x83, 0xb0, 0x01, 0x93, 0x00, 0x93,
  0x01, 0x33, 0xff, 0xf7, 0x9f, 0xfb, 0x03, 0xb0, 0x00, 0xbd, 0xc0, 0x46,
  0xc8, 0x12, 0x00, 0x20, 0x70, 0xb5, 0x42, 0x1f, 0x0f, 0x4b, 0x12, 0x01,
  0xd3, 0x5c, 0x04, 0x00, 0x88, 0xb0, 0x00, 0x20, 0x8b, 0x42, 0x01, 0xd0,
  0x08, 0xb0, 0x70, 0xbd, 0x6e, 0x46, 0x32, 0x00, 0x0a, 0x4b, 0x03, 0xcb,
  0x03, 0xc2, 0x15, 0x00, 0x00, 0x21, 0x18, 0x22, 0x28, 0x00, 0xfc, 0xf7,
  0xa1, 0xfd, 0x07, 0x4b, 0x28, 0x00, 0xeb, 0x60, 0x06, 0x4b, 0x2c, 0x70,
  0xae, 0x60, 0x2b, 0x61, 0xfe, 0xf7, 0x50, 0xfe, 0xe8, 0xe7, 0xc0, 0x46,
  0xc8, 0x12, 0x00, 0x20, 0xf0, 0x6a, 0x00, 0x10, 0xf0, 0x0b, 0x00, 0x20,
  0x79, 0x56, 0x00, 0x10, 0xf0, 0xb5, 0xce, 0x46, 0x47, 0x46, 0x80, 0xb5,
  0x05, 0x00, 0x16, 0x00, 0x8b, 0xb0, 0x00, 0x2a, 0x1f, 0xd1, 0x44, 0x1f,
  0x44, 0x4f, 0x24, 0x01, 0x3b, 0x19, 0x18, 0x79, 0x98, 0x46, 0x00, 0x28,
  0x00, 0xd1, 0x6f, 0xe0, 0x01, 0x23, 0x03, 0x42, 0x19, 0xd1, 0x42, 0x46,
  0x92, 0x78, 0x00, 0x2a, 0x0d, 0xd0, 0x41, 0x08, 0x0b, 0x42, 0x00, 0xd0,
  0x6e, 0xe0, 0x01, 0x26, 0x03, 0xe0, 0x01, 0x00, 0xd9, 0x40, 0x0e, 0x42,
  0x34, 0xd1, 0x01, 0x33, 0xdb, 0xb2, 0x93, 0x42, 0xf7, 0xd9, 0x01, 0x20,
  0x00, 0xe0, 0x00, 0x20, 0x0b, 0xb0, 0xc0, 0xbc, 0xb9, 0x46, 0xb0, 0x46,
  0xf0, 0xbd, 0xa0, 0x23, 0x02, 0x93, 0x80, 0x23, 0xdb, 0x02, 0x03, 0x93,
  0x04, 0xab, 0x99, 0x46, 0x08, 0x22, 0x18, 0x00, 0x00, 0x21, 0xfc, 0xf7,
  0x53, 0xfd, 0x4b, 0x46, 0x4a, 0x46, 0x1d, 0x70, 0x02, 0xab, 0x93, 0x60,
  0x23, 0x00, 0x0c, 0x33, 0xfb, 0x18, 0xd3, 0x60, 0x28, 0x4b, 0x48, 0x46,
  0x13, 0x61, 0x56, 0x61, 0xfe, 0xf7, 0xfc, 0xfd, 0x00, 0x28, 0xda, 0xd1,
  0x43, 0x46, 0x04, 0x34, 0x59, 0x78, 0x3a, 0x19, 0x01, 0x90, 0x00, 0x90,
  0x01, 0x23, 0x28, 0x00, 0xff, 0xf7, 0x1a, 0xfb, 0x01, 0x20, 0xd1, 0xe7,
  0x22, 0x00, 0x08, 0x32, 0x91, 0x46, 0xb9, 0x44, 0x00, 0x2b, 0x32, 0xd1,
  0x00, 0x23, 0x00, 0x22, 0xa0, 0x21, 0x02, 0xae, 0x0a, 0x43, 0x02, 0x92,
  0xb3, 0x80, 0x04, 0x23, 0xf3, 0x80, 0x04, 0xab, 0x98, 0x46, 0x08, 0x22,
  0x18, 0x00, 0x00, 0x21, 0xfc, 0xf7, 0x20, 0xfd, 0x43, 0x46, 0x4a, 0x46,
  0xda, 0x60, 0x42, 0x46, 0x1d, 0x70, 0x9e, 0x60, 0x11, 0x4b, 0x40, 0x46,
  0x13, 0x61, 0x00, 0x23, 0x53, 0x61, 0xfe, 0xf7, 0xcb, 0xfd, 0x00, 0x28,
  0xa9, 0xd1, 0x22, 0x1d, 0xba, 0x18, 0x3f, 0x19, 0x79, 0x78, 0xcd, 0xe7,
  0x04, 0x34, 0x59, 0x78, 0x3a, 0x19, 0x01, 0x90, 0x00, 0x90, 0x01, 0x23,
  0x28, 0x00, 0xff, 0xf7, 0xe5, 0xfa, 0x9d, 0xe7, 0x23, 0x00, 0x08, 0x33,
  0x99, 0x46, 0x01, 0x23, 0xb9, 0x44, 0x03, 0x22, 0xcc, 0xe7, 0xc0, 0x46,
  0xc8, 0x12, 0x00, 0x20, 0xed, 0x57, 0x00, 0x10, 0x79, 0x58, 0x00, 0x10,
  0xf0, 0xb5, 0xd6, 0x46, 0x4f, 0x46, 0x46, 0x46, 0xc0, 0xb5, 0x82, 0x68,
  0x04, 0x00, 0x53, 0x78, 0x8c, 0xb0, 0x0a, 0x3b, 0x01, 0x2b, 0x02, 0xd9,
  0xc3, 0x78, 0x00, 0x2b, 0x13, 0xd1, 0x66, 0x4d, 0x53, 0x79, 0x17, 0x79,
  0x26, 0x78, 0x2a, 0x78, 0x1b, 0x02, 0x60, 0x69, 0x3b, 0x43, 0xb2, 0x42,
  0x17, 0xd0, 0xaa, 0x7b, 0xb2, 0x42, 0x41, 0xd0, 0x2a, 0x7f, 0xb2, 0x42,
  0x45, 0xd0, 0x2a, 0x22, 0xaa, 0x5c, 0xb2, 0x42, 0x05, 0xd0, 0x0c, 0xb0,
  0xe0, 0xbc, 0xba, 0x46, 0xb1, 0x46, 0xa8, 0x46, 0xf0, 0xbd, 0x2b, 0x22,
  0xaa, 0x5c, 0xba, 0x42, 0xf5, 0xd1, 0x03, 0x22, 0x91, 0x46, 0x90, 0x46,
  0x05, 0xe0, 0x6a, 0x78, 0xba, 0x42, 0xe4, 0xd1, 0x00, 0x22, 0x91, 0x46,
  0x90, 0x46, 0x00, 0x2e, 0xe9, 0xd0, 0x02, 0x28, 0x74, 0xd0, 0x2f, 0xd8,
  0x00, 0x28, 0x51, 0xd0, 0x43, 0x46, 0x42, 0x46, 0xdb, 0x00, 0x9b, 0x1a,
  0x5b, 0x00, 0xeb, 0x18, 0x5b, 0x78, 0x04, 0xad, 0xab, 0x80, 0x00, 0x23,
  0x4a, 0x4a, 0x4b, 0x49, 0x12, 0x78, 0x06, 0xac, 0x29, 0x80, 0x6a, 0x80,
  0xeb, 0x80, 0x10, 0x22, 0x00, 0x21, 0x20, 0x00, 0xfc, 0xf7, 0xa0, 0xfc,
  0x46, 0x4b, 0x26, 0x70, 0x0a, 0x93, 0x02, 0x23, 0x20, 0x00, 0x08, 0x95,
  0x0b, 0x93, 0xfe, 0xf7, 0x4f, 0xfd, 0xc4, 0xe7, 0xea, 0x7b, 0xba, 0x42,
  0xba, 0xd1, 0x01, 0x22, 0x91, 0x46, 0x90, 0x46, 0xd1, 0xe7, 0x6a, 0x7f,
  0xba, 0x42, 0xb6, 0xd1, 0x02, 0x22, 0x91, 0x46, 0x90, 0x46, 0xca, 0xe7,
  0x03, 0x28, 0xb4, 0xd1, 0xff, 0xf7, 0x1a, 0xfa, 0x41, 0x46, 0xa3, 0x68,
  0x02, 0x00, 0xcc, 0x00, 0x98, 0x79, 0xdb, 0x79, 0x61, 0x1a, 0x1b, 0x02,
  0x49, 0x00, 0x03, 0x43, 0x68, 0x5c, 0xb0, 0x42, 0xa5, 0xd1, 0x01, 0x20,
  0x69, 0x18, 0x08, 0x71, 0x31, 0x49, 0x00, 0x29, 0x03, 0xd0, 0x49, 0x46,
  0x30, 0x00, 0xfa, 0xf7, 0x8b, 0xfb, 0x43, 0x46, 0xe3, 0x1a, 0x5b, 0x00,
  0xeb, 0x18, 0x30, 0x00, 0x59, 0x78, 0xff, 0xf7, 0x59, 0xfb, 0x92, 0xe7,
  0x42, 0x46, 0x41, 0x46, 0xd2, 0x00, 0x52, 0x1a, 0x52, 0x00, 0xaa, 0x18,
  0x57, 0x79, 0x04, 0xac, 0x7a, 0x42, 0x57, 0x41, 0x25, 0x4a, 0x06, 0xad,
  0x04, 0x92, 0xff, 0x22, 0x13, 0x40, 0xa3, 0x80, 0xe0, 0x80, 0x00, 0x21,
  0x28, 0x00, 0xef, 0x3a, 0xfc, 0xf7, 0x4e, 0xfc, 0x1d, 0x4b, 0x2e, 0x70,
  0x01, 0x37, 0x28, 0x00, 0x08, 0x94, 0x0a, 0x93, 0x0b, 0x97, 0xfe, 0xf7,
  0xfd, 0xfc, 0x72, 0xe7, 0x43, 0x46, 0xdc, 0x00, 0xe3, 0x1a, 0x5b, 0x00,
  0x9a, 0x46, 0xaa, 0x44, 0x52, 0x46, 0x80, 0x23, 0x12, 0x89, 0x5b, 0x00,
  0x9a, 0x42, 0x0c, 0xd9, 0x52, 0x46, 0xff, 0x3b, 0x13, 0x71, 0x12, 0x4b,
  0x00, 0x2b, 0xc4, 0xd0, 0x00, 0x23, 0x00, 0x22, 0x49, 0x46, 0x30, 0x00,
  0xfa, 0xf7, 0x4a, 0xfb, 0xbd, 0xe7, 0x53, 0x46, 0xdc, 0x79, 0xff, 0xf7,
  0xbd, 0xf9, 0x03, 0x23, 0x03, 0x93, 0x09, 0x4b, 0x22, 0x00, 0x02, 0x93,
  0x53, 0x46, 0x1b, 0x89, 0x39, 0x00, 0x01, 0x93, 0x00, 0x90, 0x00, 0x23,
  0x30, 0x00, 0xff, 0xf7, 0x5b, 0xfa, 0x46, 0xe7, 0xb8, 0x0b, 0x00, 0x20,
  0x25, 0x13, 0x00, 0x20, 0x21, 0x0b, 0x00, 0x00, 0xad, 0x5c, 0x00, 0x10,
  0xd1, 0x04, 0x00, 0x10, 0x21, 0x0a, 0x00, 0x00, 0x03, 0x00, 0x10, 0xb5,
  0x00, 0x28, 0x0c, 0xd0, 0x03, 0x29, 0x0a, 0xd8, 0xca, 0x00, 0x52, 0x1a,
  0x05, 0x4c, 0x52, 0x00, 0x11, 0x5d, 0x00, 0x20, 0x99, 0x42, 0x01, 0xd1,
  0xa4, 0x18, 0x60, 0x79, 0x10, 0xbd, 0x00, 0x20, 0xfc, 0xe7, 0xc0, 0x46,
  0xb8, 0x0b, 0x00, 0x20, 0x70, 0xb5, 0x0c, 0x00, 0x82, 0xb0, 0x00, 0x28,
  0x0f, 0xd0, 0x03, 0x29, 0x0d, 0xd8, 0xcb, 0x00, 0x11, 0x4e, 0x5b, 0x1a,
  0x5b, 0x00, 0x9d, 0x5d, 0x85, 0x42, 0x06, 0xd1, 0xf6, 0x18, 0x28, 0x00,
  0xb1, 0x78, 0xff, 0xf7, 0x7d, 0xf9, 0x00, 0x28, 0x01, 0xd1, 0x00, 0x20,
  0x0c, 0xe0, 0x00, 0x20, 0x0a, 0x49, 0xe2, 0x01, 0x73, 0x89, 0x52, 0x18,
  0xb1, 0x78, 0x01, 0x90, 0x00, 0x90, 0x28, 0x00, 0xff, 0xf7, 0xb6, 0xf9,
  0x00, 0x28, 0x01, 0xd0, 0x02, 0xb0, 0x70, 0xbd, 0x28, 0x00, 0xb1, 0x78,
  0xff, 0xf7, 0x8a, 0xf9, 0x00, 0x20, 0xf7, 0xe7, 0xb8, 0x0b, 0x00, 0x20,
  0xb8, 0x09, 0x00, 0x20, 0x10, 0xb5, 0x38, 0x22, 0x00, 0x21, 0x02, 0x48,
  0xfc, 0xf7, 0xc0, 0xfb, 0x01, 0x20, 0x10, 0xbd, 0xb8, 0x0b, 0x00, 0x20,
  0x01, 0x20, 0x70, 0x47, 0x29, 0x4a, 0x70, 0xb5, 0x0d, 0x00, 0x11, 0x78,
  0x04, 0x00, 0x81, 0x42, 0x0b, 0xd0, 0x91, 0x7b, 0xa1, 0x42, 0x21, 0xd0,
  0x11, 0x7f, 0xa1, 0x42, 0x27, 0xd0, 0x2a, 0x21, 0x51, 0x5c, 0x00, 0x20,
  0xa1, 0x42, 0x2b, 0xd0, 0x70, 0xbd, 0x91, 0x78, 0xa9, 0x42, 0x02, 0xd0,
  0xd1, 0x78, 0xa9, 0x42, 0xed, 0xd1, 0x00, 0x21, 0x00, 0x22, 0x00, 0x2c,
  0x34, 0xd0, 0xed, 0x09, 0x01, 0x2d, 0x28, 0xd0, 0x1a, 0x48, 0x00, 0x28,
  0x06, 0xd0, 0x1a, 0x48, 0xd2, 0x01, 0x12, 0x18, 0x9b, 0xb2, 0x20, 0x00,
  0x00, 0xe0, 0x00, 0xbf, 0x01, 0x20, 0xe5, 0xe7, 0x11, 0x7c, 0xa9, 0x42,
  0x02, 0xd0, 0x51, 0x7c, 0xa9, 0x42, 0xd7, 0xd1, 0x01, 0x21, 0x01, 0x22,
  0xe5, 0xe7, 0x91, 0x7f, 0xa9, 0x42, 0x02, 0xd0, 0xd1, 0x7f, 0xa9, 0x42,
  0xd1, 0xd1, 0x02, 0x21, 0x02, 0x22, 0xdc, 0xe7, 0x2c, 0x21, 0x51, 0x5c,
  0xa9, 0x42, 0x03, 0xd0, 0x2d, 0x21, 0x52, 0x5c, 0xaa, 0x42, 0xcb, 0xd1,
  0x03, 0x21, 0x03, 0x22, 0xd1, 0xe7, 0x08, 0x48, 0xd2, 0x01, 0x12, 0x18,
  0x9b, 0xb2, 0x20, 0x00, 0xfa, 0xf7, 0xb0, 0xfa, 0x01, 0x20, 0xbf, 0xe7,
  0x00, 0x20, 0xbd, 0xe7, 0xb8, 0x0b, 0x00, 0x20, 0x00, 0x00, 0x00, 0x00,
  0xf8, 0x09, 0x00, 0x20, 0xb8, 0x09, 0x00, 0x20, 0x70, 0xb5, 0x25, 0x4d,
  0x04, 0x00, 0x2b, 0x78, 0x83, 0x42, 0x0a, 0xd0, 0xab, 0x7b, 0xa3, 0x42,
  0x15, 0xd0, 0x2b, 0x7f, 0xa3, 0x42, 0x21, 0xd0, 0x2a, 0x23, 0xeb, 0x5c,
  0xa3, 0x42, 0x2d, 0xd0, 0x70, 0xbd, 0x1e, 0x4b, 0x00, 0x2b, 0x02, 0xd0,
  0x00, 0x21, 0xfa, 0xf7, 0x73, 0xfa, 0x0e, 0x22, 0x00, 0x21, 0x28, 0x00,
  0xfc, 0xf7, 0x42, 0xfb, 0xab, 0x7b, 0xa3, 0x42, 0xe9, 0xd1, 0x17, 0x4b,
  0x00, 0x2b, 0x03, 0xd0, 0x01, 0x21, 0x20, 0x00, 0xfa, 0xf7, 0x64, 0xfa,
  0x0e, 0x22, 0x00, 0x21, 0x13, 0x48, 0xfc, 0xf7, 0x33, 0xfb, 0x2b, 0x7f,
  0xa3, 0x42, 0xdd, 0xd1, 0x0f, 0x4b, 0x00, 0x2b, 0x03, 0xd0, 0x02, 0x21,
  0x20, 0x00, 0xfa, 0xf7, 0x55, 0xfa, 0x0e, 0x22, 0x00, 0x21, 0x0d, 0x48,
  0xfc, 0xf7, 0x24, 0xfb, 0x2a, 0x23, 0xeb, 0x5c, 0xa3, 0x42, 0xd1, 0xd1,
  0x07, 0x4b, 0x00, 0x2b, 0x03, 0xd0, 0x03, 0x21, 0x20, 0x00, 0xfa, 0xf7,
  0x45, 0xfa, 0x0e, 0x22, 0x00, 0x21, 0x06, 0x48, 0xfc, 0xf7, 0x14, 0xfb,
  0xc4, 0xe7, 0xc0, 0x46, 0xb8, 0x0b, 0x00, 0x20, 0xed, 0x04, 0x00, 0x10,
  0xc6, 0x0b, 0x00, 0x20, 0xd4, 0x0b, 0x00, 0x20, 0xe2, 0x0b, 0x00, 0x20,
  0xf0, 0xb5, 0x45, 0x46, 0xde, 0x46, 0x57, 0x46, 0x4e, 0x46, 0xe0, 0xb5,
  0x14, 0x00, 0x52, 0x79, 0x0d, 0x00, 0x83, 0xb0, 0x03, 0x2a, 0x1d, 0xd1,
  0x21, 0x79, 0xca, 0x00, 0x52, 0x1a, 0x12, 0x32, 0x92, 0xb2, 0x9a, 0x42,
  0x16, 0xd8, 0x27, 0x78, 0xe7, 0x19, 0x7b, 0x78, 0x21, 0x2b, 0x11, 0xd1,
  0x38, 0x4b, 0x98, 0x46, 0x1b, 0x78, 0x00, 0x2b, 0x63, 0xd0, 0x43, 0x46,
  0x9b, 0x7b, 0x00, 0x2b, 0x62, 0xd0, 0x43, 0x46, 0x1b, 0x7f, 0x00, 0x2b,
  0x61, 0xd0, 0x2a, 0x23, 0x42, 0x46, 0xd3, 0x5c, 0x00, 0x2b, 0x07, 0xd0,
  0x00, 0x20, 0x03, 0xb0, 0xf0, 0xbc, 0xbb, 0x46, 0xb2, 0x46, 0xa9, 0x46,
  0xa0, 0x46, 0xf0, 0xbd, 0x03, 0x33, 0x9b, 0x46, 0x5b, 0x46, 0x5a, 0x46,
  0xdb, 0x00, 0x01, 0x93, 0x9b, 0x1a, 0x42, 0x46, 0x5b, 0x00, 0xd5, 0x54,
  0x00, 0x22, 0x3e, 0x78, 0x43, 0x44, 0x91, 0x46, 0x9a, 0x46, 0xbe, 0x19,
  0x00, 0x29, 0x0b, 0xd1, 0x21, 0xe0, 0x51, 0x46, 0xca, 0x70, 0x8b, 0x81,
  0x33, 0x78, 0xf6, 0x18, 0x01, 0x23, 0x9c, 0x46, 0x23, 0x79, 0xe1, 0x44,
  0x4b, 0x45, 0x16, 0xdd, 0x73, 0x78, 0x05, 0x2b, 0xd6, 0xd1, 0x31, 0x00,
  0x28, 0x00, 0xff, 0xf7, 0xcb, 0xf8, 0x00, 0x28, 0xd0, 0xd0, 0x73, 0x79,
  0x31, 0x79, 0x1b, 0x02, 0x0b, 0x43, 0xb2, 0x78, 0x5b, 0x05, 0x5b, 0x0d,
  0xd1, 0x09, 0x01, 0x29, 0xe1, 0xd1, 0x51, 0x46, 0x8a, 0x70, 0x4b, 0x81,
  0xe0, 0xe7, 0x5a, 0x46, 0x01, 0x9b, 0xf9, 0x79, 0x9b, 0x1a, 0x5b, 0x00,
  0xa2, 0x78, 0x43, 0x44, 0x5a, 0x70, 0xba, 0x79, 0xda, 0x71, 0x3a, 0x7a,
  0x12, 0x02, 0x0a, 0x43, 0x1a, 0x81, 0x0b, 0x4a, 0x12, 0x78, 0x9a, 0x71,
  0xa2, 0x79, 0x01, 0x2a, 0x01, 0xd0, 0x01, 0x20, 0xad, 0xe7, 0xe2, 0x79,
  0x01, 0x20, 0x5a, 0x71, 0xa9, 0xe7, 0x00, 0x23, 0x9b, 0x46, 0xaf, 0xe7,
  0x01, 0x23, 0x9b, 0x46, 0xac, 0xe7, 0x02, 0x23, 0x9b, 0x46, 0xa9, 0xe7,
  0xb8, 0x0b, 0x00, 0x20, 0x25, 0x13, 0x00, 0x20, 0x70, 0xb5, 0x24, 0x4b,
  0x04, 0x00, 0x1a, 0x78, 0x88, 0xb0, 0x82, 0x42, 0x0c, 0xd0, 0x9a, 0x7b,
  0xa2, 0x42, 0x2e, 0xd0, 0x1a, 0x7f, 0xa2, 0x42, 0x30, 0xd0, 0x2a, 0x22,
  0x9a, 0x5c, 0xa2, 0x42, 0x31, 0xd0, 0x01, 0x20, 0x08, 0xb0, 0x70, 0xbd,
  0x5a, 0x78, 0x8a, 0x42, 0xef, 0xd1, 0x00, 0x20, 0x00, 0x2c, 0xf6, 0xd0,
  0xc2, 0x00, 0x12, 0x1a, 0x52, 0x00, 0x9b, 0x18, 0x5e, 0x79, 0x6a, 0x46,
  0x73, 0x42, 0x5e, 0x41, 0x14, 0x4b, 0x02, 0xad, 0x00, 0x93, 0x6b, 0x46,
  0x99, 0x80, 0x00, 0x23, 0x00, 0x21, 0xd3, 0x80, 0x28, 0x00, 0x10, 0x22,
  0xfc, 0xf7, 0x4c, 0xfa, 0x6b, 0x46, 0x04, 0x93, 0x0e, 0x4b, 0x01, 0x36,
  0x28, 0x00, 0x2c, 0x70, 0x06, 0x93, 0x07, 0x96, 0xfe, 0xf7, 0xfa, 0xfa,
  0xd7, 0xe7, 0xda, 0x7b, 0x8a, 0x42, 0xcd, 0xd1, 0x01, 0x20, 0xd9, 0xe7,
  0x5a, 0x7f, 0x8a, 0x42, 0xcb, 0xd1, 0x02, 0x20, 0xd4, 0xe7, 0x2b, 0x22,
  0x9a, 0x5c, 0x8a, 0x42, 0xc9, 0xd1, 0x03, 0x20, 0xce, 0xe7, 0xc0, 0x46,
  0xb8, 0x0b, 0x00, 0x20, 0x21, 0x0a, 0x00, 0x00, 0xad, 0x5c, 0x00, 0x10,
  0x03, 0x89, 0x40, 0x89, 0x18, 0x1a, 0x43, 0x42, 0x58, 0x41, 0xc0, 0xb2,
  0x70, 0x47, 0xc0, 0x46, 0x70, 0xb5, 0x04, 0x00, 0x00, 0x69, 0x0e, 0x00,
  0x00, 0x28, 0x03, 0xd0, 0x01, 0x21, 0x49, 0x42, 0x00, 0xf0, 0x02, 0xf9,
  0x25, 0x89, 0x60, 0x89, 0xa2, 0x88, 0xa9, 0xb2, 0x83, 0xb2, 0x85, 0x42,
  0x2c, 0xd3, 0xcd, 0x1a, 0xad, 0xb2, 0x00, 0x2d, 0x2e, 0xd0, 0xaa, 0x42,
  0x08, 0xd2, 0x91, 0x42, 0x30, 0xd3, 0x89, 0x1a, 0x8b, 0xb2, 0x63, 0x81,
  0x9a, 0x42, 0x03, 0xd8, 0x9b, 0x1a, 0x9b, 0xb2, 0x9a, 0x42, 0xfb, 0xd9,
  0xe2, 0x88, 0x21, 0x68, 0x52, 0x04, 0x52, 0x0c, 0x53, 0x43, 0x30, 0x00,
  0xc9, 0x18, 0xfc, 0xf7, 0xfd, 0xf9, 0x63, 0x89, 0x01, 0x25, 0x59, 0x1c,
  0x89, 0xb2, 0xa2, 0x88, 0x8b, 0x42, 0x13, 0xd9, 0x00, 0x21, 0x52, 0x00,
  0x89, 0x1a, 0x89, 0xb2, 0x20, 0x69, 0x61, 0x81, 0x00, 0x28, 0x01, 0xd0,
  0x00, 0xf0, 0xc0, 0xf8, 0x28, 0x00, 0x70, 0xbd, 0x55, 0x00, 0xed, 0x1a,
  0x4d, 0x19, 0xad, 0xb2, 0x00, 0x2d, 0xd0, 0xd1, 0x61, 0x89, 0x89, 0xb2,
  0x52, 0x00, 0x91, 0x42, 0xec, 0xdb, 0xe9, 0xe7, 0x89, 0x18, 0x8b, 0xb2,
  0x63, 0x81, 0xcd, 0xe7, 0xf8, 0xb5, 0x04, 0x00, 0xc0, 0x68, 0x0e, 0x00,
  0x00, 0x28, 0x03, 0xd0, 0x01, 0x21, 0x49, 0x42, 0x00, 0xf0, 0xb4, 0xf8,
  0x25, 0x89, 0x20, 0x89, 0x61, 0x89, 0xa2, 0x88, 0xad, 0xb2, 0x83, 0xb2,
  0x8f, 0xb2, 0x88, 0x42, 0x29, 0xd3, 0xdb, 0x1b, 0x9b, 0xb2, 0x9a, 0x42,
  0x09, 0xd8, 0xe7, 0x79, 0xff, 0x09, 0x06, 0xd1, 0xe0, 0x68, 0x00, 0x28,
  0x01, 0xd0, 0x00, 0xf0, 0x8f, 0xf8, 0x38, 0x00, 0xf8, 0xbd, 0x95, 0x42,
  0x1e, 0xd3, 0x2b, 0x00, 0x9b, 0x1a, 0x9b, 0xb2, 0x93, 0x42, 0xfb, 0xd2,
  0xe2, 0x88, 0x20, 0x68, 0x52, 0x04, 0x52, 0x0c, 0x53, 0x43, 0x31, 0x00,
  0xc0, 0x18, 0xfc, 0xf7, 0xa9, 0xf9, 0x6b, 0x1c, 0x9b, 0xb2, 0xa2, 0x88,
  0x9d, 0x42, 0x18, 0xd9, 0x00, 0x23, 0x52, 0x00, 0x9b, 0x1a, 0x9b, 0xb2,
  0x01, 0x27, 0x23, 0x81, 0xdc, 0xe7, 0x51, 0x00, 0xc9, 0x1b, 0x5b, 0x18,
  0x9b, 0xb2, 0xd2, 0xe7, 0x2b, 0x00, 0xe2, 0x88, 0x20, 0x68, 0x52, 0x04,
  0x52, 0x0c, 0x53, 0x43, 0x31, 0x00, 0xc0, 0x18, 0xfc, 0xf7, 0x8e, 0xf9,
  0x01, 0x35, 0xa2, 0x88, 0xab, 0xb2, 0x52, 0x00, 0x93, 0x42, 0xe7, 0xdb,
  0xe4, 0xe7, 0xc0, 0x46, 0x10, 0xb5, 0x04, 0x00, 0xc0, 0x68, 0x00, 0x28,
  0x03, 0xd0, 0x01, 0x21, 0x49, 0x42, 0x00, 0xf0, 0x61, 0xf8, 0x20, 0x69,
  0x00, 0x28, 0x03, 0xd0, 0x01, 0x21, 0x49, 0x42, 0x00, 0xf0, 0x5a, 0xf8,
  0x00, 0x23, 0xe0, 0x68, 0x63, 0x81, 0x23, 0x81, 0x00, 0x28, 0x01, 0xd0,
  0x00, 0xf0, 0x42, 0xf8, 0x20, 0x69, 0x00, 0x28, 0x01, 0xd0, 0x00, 0xf0,
  0x3d, 0xf8, 0x01, 0x20, 0x10, 0xbd, 0xc0, 0x46, 0x10, 0xb5, 0x83, 0x07,
  0x0a, 0xd0, 0x03, 0x00, 0x03, 0x21, 0x02, 0xe0, 0x01, 0x33, 0x0b, 0x42,
  0x05, 0xd0, 0x1a, 0x78, 0x00, 0x2a, 0xf9, 0xd1, 0x18, 0x1a, 0x10, 0xbd,
  0x03, 0x00, 0x19, 0x68, 0x0c, 0x4a, 0x0d, 0x4c, 0x8a, 0x18, 0x8a, 0x43,
  0x22, 0x42, 0x0f, 0xd1, 0x59, 0x68, 0x09, 0x4a, 0x04, 0x33, 0x8a, 0x18,
  0x8a, 0x43, 0x22, 0x42, 0x08, 0xd1, 0x59, 0x68, 0x05, 0x4a, 0x04, 0x33,
  0x8a, 0x18, 0x8a, 0x43, 0x22, 0x42, 0xf1, 0xd0, 0x00, 0xe0, 0x01, 0x33,
  0x1a, 0x78, 0x00, 0x2a, 0xfb, 0xd1, 0xe1, 0xe7, 0xff, 0xfe, 0xfe, 0xfe,
  0x80, 0x80, 0x80, 0x80, 0xf8, 0xb5, 0xc0, 0x46, 0x00, 0x00, 0x00, 0x00,
  0x01, 0xb4, 0x02, 0x48, 0x84, 0x46, 0x01, 0xbc, 0x60, 0x47, 0x00, 0xbf,
  0xcd, 0x03, 0x00, 0x20, 0x01, 0xb4, 0x02, 0x48, 0x84, 0x46, 0x01, 0xbc,
  0x60, 0x47, 0x00, 0xbf, 0xf1, 0x02, 0x00, 0x20, 0x01, 0xb4, 0x02, 0x48,
  0x84, 0x46, 0x01, 0xbc, 0x60, 0x47, 0x00, 0xbf, 0x15, 0x05, 0x00, 0x20,
  0x01, 0xb4, 0x02, 0x48, 0x84, 0x46, 0x01, 0xbc, 0x60, 0x47, 0x00, 0xbf,
  0x61, 0x02, 0x00, 0x20, 0x01, 0xb4, 0x02, 0x48, 0x84, 0x46, 0x01, 0xbc,
  0x60, 0x47, 0x00, 0xbf, 0xc5, 0x01, 0x00, 0x20, 0x01, 0xb4, 0x02, 0x48,
  0x84, 0x46, 0x01, 0xbc, 0x60, 0x47, 0x00, 0xbf, 0x9d, 0x04, 0x00, 0x20,
  0x79, 0x22, 0x00, 0x10, 0xa5, 0x22, 0x00, 0x10, 0x89, 0x24, 0x00, 0x10,
  0x85, 0x26, 0x00, 0x10, 0xf1, 0x24, 0x00, 0x10, 0xf5, 0x25, 0x00, 0x10,
  0xb1, 0x23, 0x00, 0x10, 0xc1, 0x22, 0x00, 0x10, 0xe1, 0x22, 0x00, 0x10,
  0xf5, 0x22, 0x00, 0x10, 0xf1, 0x12, 0x00, 0x10, 0xfd, 0x22, 0x00, 0x10,
  0xa5, 0x16, 0x00, 0x10, 0x19, 0x22, 0x00, 0x10, 0x89, 0x0d, 0x00, 0x10,
  0x85, 0x2d, 0x00, 0x10, 0xb1, 0x02, 0x00, 0x10, 0xe4, 0x05, 0x00, 0x10,
  0xa2, 0x06, 0x00, 0x10, 0xac, 0x06, 0x00, 0x10, 0xb6, 0x06, 0x00, 0x10,
  0xc0, 0x06, 0x00, 0x10, 0x02, 0x06, 0x00, 0x10, 0x0c, 0x06, 0x00, 0x10,
  0x16, 0x06, 0x00, 0x10, 0x20, 0x06, 0x00, 0x10, 0x2a, 0x06, 0x00, 0x10,
  0x34, 0x06, 0x00, 0x10, 0x3e, 0x06, 0x00, 0x10, 0x48, 0x06, 0x00, 0x10,
  0x52, 0x06, 0x00, 0x10, 0x5c, 0x06, 0x00, 0x10, 0x66, 0x06, 0x00, 0x10,
  0x70, 0x06, 0x00, 0x10, 0x7a, 0x06, 0x00, 0x10, 0x84, 0x06, 0x00, 0x10,
  0x8e, 0x06, 0x00, 0x10, 0x98, 0x06, 0x00, 0x10, 0xd8, 0x07, 0x00, 0x10,
  0xe2, 0x07, 0x00, 0x10, 0xec, 0x07, 0x00, 0x10, 0xf6, 0x07, 0x00, 0x10,
  0x00, 0x08, 0x00, 0x10, 0x0a, 0x08, 0x00, 0x10, 0x14, 0x08, 0x00, 0x10,
  0x1e, 0x08, 0x00, 0x10, 0x28, 0x08, 0x00, 0x10, 0x32, 0x08, 0x00, 0x10,
  0x3c, 0x08, 0x00, 0x10, 0x60, 0x07, 0x00, 0x10, 0x6a, 0x07, 0x00, 0x10,
  0x74, 0x07, 0x00, 0x10, 0x98, 0x05, 0x00, 0x10, 0xd0, 0x05, 0x00, 0x10,
  0xf8, 0x05, 0x00, 0x10, 0xe8, 0x06, 0x00, 0x10, 0xee, 0x05, 0x00, 0x10,
  0xf0, 0x08, 0x00, 0x10, 0xfa, 0x08, 0x00, 0x10, 0x04, 0x09, 0x00, 0x10,
  0x0e, 0x09, 0x00, 0x10, 0x18, 0x09, 0x00, 0x10, 0x42, 0x07, 0x00, 0x10,
  0x4c, 0x07, 0x00, 0x10, 0x56, 0x07, 0x00, 0x10, 0x46, 0x08, 0x00, 0x10,
  0xa0, 0x05, 0x00, 0x10, 0x50, 0x08, 0x00, 0x10, 0x5a, 0x08, 0x00, 0x10,
  0x64, 0x08, 0x00, 0x10, 0x6e, 0x08, 0x00, 0x10, 0x78, 0x08, 0x00, 0x10,
  0x82, 0x08, 0x00, 0x10, 0x8c, 0x08, 0x00, 0x10, 0x96, 0x08, 0x00, 0x10,
  0xa0, 0x08, 0x00, 0x10, 0xa0, 0x05, 0x00, 0x10, 0xa0, 0x05, 0x00, 0x10,
  0xa0, 0x05, 0x00, 0x10, 0xa0, 0x05, 0x00, 0x10, 0xa0, 0x05, 0x00, 0x10,
  0xa0, 0x05, 0x00, 0x10, 0xa0, 0x05, 0x00, 0x10, 0xa0, 0x05, 0x00, 0x10,
  0xa0, 0x05, 0x00, 0x10, 0xa0, 0x05, 0x00, 0x10, 0xaa, 0x08, 0x00, 0x10,
  0xb4, 0x08, 0x00, 0x10, 0xc8, 0x08, 0x00, 0x10, 0xd2, 0x08, 0x00, 0x10,
  0xdc, 0x08, 0x00, 0x10, 0xa0, 0x05, 0x00, 0x10, 0xe6, 0x08, 0x00, 0x10,
  0xa6, 0x07, 0x00, 0x10, 0xb0, 0x07, 0x00, 0x10, 0xba, 0x07, 0x00, 0x10,
  0xa0, 0x05, 0x00, 0x10, 0xc4, 0x07, 0x00, 0x10, 0xce, 0x07, 0x00, 0x10,
  0xf2, 0x06, 0x00, 0x10, 0xfc, 0x06, 0x00, 0x10, 0xd0, 0x05, 0x00, 0x10,
  0x06, 0x07, 0x00, 0x10, 0x10, 0x07, 0x00, 0x10, 0x1a, 0x07, 0x00, 0x10,
  0x24, 0x07, 0x00, 0x10, 0x2e, 0x07, 0x00, 0x10, 0x38, 0x07, 0x00, 0x10,
  0xca, 0x06, 0x00, 0x10, 0xd4, 0x06, 0x00, 0x10, 0xde, 0x06, 0x00, 0x10,
  0x7e, 0x07, 0x00, 0x10, 0x88, 0x07, 0x00, 0x10, 0xa0, 0x05, 0x00, 0x10,
  0xa0, 0x05, 0x00, 0x10, 0xa0, 0x05, 0x00, 0x10, 0xa0, 0x05, 0x00, 0x10,
  0xa0, 0x05, 0x00, 0x10, 0xa0, 0x05, 0x00, 0x10, 0xa0, 0x05, 0x00, 0x10,
  0xa0, 0x05, 0x00, 0x10, 0xa0, 0x05, 0x00, 0x10, 0xa0, 0x05, 0x00, 0x10,
  0xa0, 0x05, 0x00, 0x10, 0xa0, 0x05, 0x00, 0x10, 0xa0, 0x05, 0x00, 0x10,
  0xa0, 0x05, 0x00, 0x10, 0xa0, 0x05, 0x00, 0x10, 0xa0, 0x05, 0x00, 0x10,
  0xa0, 0x05, 0x00, 0x10, 0xa0, 0x05, 0x00, 0x10, 0xa0, 0x05, 0x00, 0x10,
  0xa0, 0x05, 0x00, 0x10, 0xa0, 0x05, 0x00, 0x10, 0xa0, 0x05, 0x00, 0x10,
  0xa0, 0x05, 0x00, 0x10, 0xa0, 0x05, 0x00, 0x10, 0xa0, 0x05, 0x00, 0x10,
  0xa0, 0x05, 0x00, 0x10, 0xa0, 0x05, 0x00, 0x10, 0xa0, 0x05, 0x00, 0x10,
  0xa0, 0x05, 0x00, 0x10, 0xa0, 0x05, 0x00, 0x10, 0xa0, 0x05, 0x00, 0x10,
  0xa0, 0x05, 0x00, 0x10, 0xa0, 0x05, 0x00, 0x10, 0xa0, 0x05, 0x00, 0x10,
  0xa0, 0x05, 0x00, 0x10, 0xa0, 0x05, 0x00, 0x10, 0xa0, 0x05, 0x00, 0x10,
  0xa0, 0x05, 0x00, 0x10, 0xa0, 0x05, 0x00, 0x10, 0xa0, 0x05, 0x00, 0x10,
  0xa0, 0x05, 0x00, 0x10, 0xa0, 0x05, 0x00, 0x10, 0xa0, 0x05, 0x00, 0x10,
  0xa0, 0x05, 0x00, 0x10, 0xa0, 0x05, 0x00, 0x10, 0xa0, 0x05, 0x00, 0x10,
  0xa0, 0x05, 0x00, 0x10, 0xa0, 0x05, 0x00, 0x10, 0xa0, 0x05, 0x00, 0x10,
  0xa0, 0x05, 0x00, 0x10, 0xa0, 0x05, 0x00, 0x10, 0xa0, 0x05, 0x00, 0x10,
  0xa0, 0x05, 0x00, 0x10, 0xa0, 0x05, 0x00, 0x10, 0xa0, 0x05, 0x00, 0x10,
  0xa0, 0x05, 0x00, 0x10, 0xa0, 0x05, 0x00, 0x10, 0xa0, 0x05, 0x00, 0x10,
  0xa0, 0x05, 0x00, 0x10, 0xa0, 0x05, 0x00, 0x10, 0xa0, 0x05, 0x00, 0x10,
  0xa0, 0x05, 0x00, 0x10, 0xa0, 0x05, 0x00, 0x10, 0xa0, 0x05, 0x00, 0x10,
  0xa0, 0x05, 0x00, 0x10, 0xa0, 0x05, 0x00, 0x10, 0xa0, 0x05, 0x00, 0x10,
  0xa0, 0x05, 0x00, 0x10, 0xa0, 0x05, 0x00, 0x10, 0xa0, 0x05, 0x00, 0x10,
  0xa0, 0x05, 0x00, 0x10, 0xa0, 0x05, 0x00, 0x10, 0xa0, 0x05, 0x00, 0x10,
  0xa0, 0x05, 0x00, 0x10, 0xa0, 0x05, 0x00, 0x10, 0xa0, 0x05, 0x00, 0x10,
  0xa0, 0x05, 0x00, 0x10, 0xa0, 0x05, 0x00, 0x10, 0xa0, 0x05, 0x00, 0x10,
  0xa0, 0x05, 0x00, 0x10, 0xa0, 0x05, 0x00, 0x10, 0xa0, 0x05, 0x00, 0x10,
  0xa0, 0x05, 0x00, 0x10, 0xa0, 0x05, 0x00, 0x10, 0xa0, 0x05, 0x00, 0x10,
  0xa0, 0x05, 0x00, 0x10, 0xa0, 0x05, 0x00, 0x10, 0xa0, 0x05, 0x00, 0x10,
  0xa0, 0x05, 0x00, 0x10, 0xa0, 0x05, 0x00, 0x10, 0xa0, 0x05, 0x00, 0x10,
  0xa0, 0x05, 0x00, 0x10, 0xa0, 0x05, 0x00, 0x10, 0xa0, 0x05, 0x00, 0x10,
  0xa0, 0x05, 0x00, 0x10, 0xa0, 0x05, 0x00, 0x10, 0xa0, 0x05, 0x00, 0x10,
  0xa0, 0x05, 0x00, 0x10, 0xa0, 0x05, 0x00, 0x10, 0xa0, 0x05, 0x00, 0x10,
  0xa0, 0x05, 0x00, 0x10, 0xa0, 0x05, 0x00, 0x10, 0xa0, 0x05, 0x00, 0x10,
  0xa0, 0x05, 0x00, 0x10, 0xa0, 0x05, 0x00, 0x10, 0xa0, 0x05, 0x00, 0x10,
  0xa0, 0x05, 0x00, 0x10, 0xa0, 0x05, 0x00, 0x10, 0xa0, 0x05, 0x00, 0x10,
  0xa0, 0x05, 0x00, 0x10, 0xa0, 0x05, 0x00, 0x10, 0xa0, 0x05, 0x00, 0x10,
  0xa0, 0x05, 0x00, 0x10, 0xa0, 0x05, 0x00, 0x10, 0xa0, 0x05, 0x00, 0x10,
  0xa0, 0x05, 0x00, 0x10, 0xa0, 0x05, 0x00, 0x10, 0xa0, 0x05, 0x00, 0x10,
  0xa0, 0x05, 0x00, 0x10, 0xa0, 0x05, 0x00, 0x10, 0xa0, 0x05, 0x00, 0x10,
  0xa0, 0x05, 0x00, 0x10, 0xa0, 0x05, 0x00, 0x10, 0xa0, 0x05, 0x00, 0x10,
  0xda, 0x05, 0x00, 0x10, 0xc6, 0x05, 0x00, 0x10, 0x92, 0x07, 0x00, 0x10,
  0xa0, 0x05, 0x00, 0x10, 0xda, 0x05, 0x00, 0x10, 0xc6, 0x05, 0x00, 0x10,
  0x9c, 0x07, 0x00, 0x10, 0x53, 0x79, 0x73, 0x74, 0x65, 0x6d, 0x20, 0x63,
  0x6c, 0x6f, 0x63, 0x6b, 0x20, 0x6f, 0x66, 0x20, 0x25, 0x75, 0x20, 0x6b,
  0x48, 0x7a, 0x20, 0x63, 0x61, 0x6e, 0x6e, 0x6f, 0x74, 0x20, 0x62, 0x65,
  0x20, 0x65, 0x78, 0x61, 0x63, 0x74, 0x6c, 0x79, 0x20, 0x61, 0x63, 0x68,
  0x69, 0x65, 0x76, 0x65, 0x64, 0x00, 0x00, 0x00, 0x0a, 0x2a, 0x2a, 0x2a,
  0x20, 0x50, 0x41, 0x4e, 0x49, 0x43, 0x20, 0x2a, 0x2a, 0x2a, 0x0a, 0x00,
  0x0a, 0x00, 0x00, 0x00, 0x4e, 0x6f, 0x20, 0x73, 0x70, 0x69, 0x6e, 0x6c,
  0x6f, 0x63, 0x6b, 0x73, 0x20, 0x61, 0x72, 0x65, 0x20, 0x61, 0x76, 0x61,
  0x69, 0x6c, 0x61, 0x62, 0x6c, 0x65, 0x00, 0x00, 0x48, 0x61, 0x72, 0x64,
  0x77, 0x61, 0x72, 0x65, 0x20, 0x61, 0x6c, 0x61, 0x72, 0x6d, 0x20, 0x25,
  0x64, 0x20, 0x61, 0x6c, 0x72, 0x65, 0x61, 0x64, 0x79, 0x20, 0x63, 0x6c,
  0x61, 0x69, 0x6d, 0x65, 0x64, 0x00, 0x00, 0x00, 0x48, 0x61, 0x72, 0x64,
  0x20, 0x61, 0x73, 0x73, 0x65, 0x72, 0x74, 0x00, 0x52, 0x65, 0x6c, 0x65,
  0x61, 0x73, 0x65, 0x00, 0x62, 0x6f, 0x6f, 0x74, 0x32, 0x5f, 0x77, 0x32,
  0x35, 0x71, 0x30, 0x38, 0x30, 0x00, 0x00, 0x00, 0x31, 0x2e, 0x30, 0x00,
  0x32, 0x2e, 0x32, 0x2e, 0x30, 0x00, 0x00, 0x00, 0x70, 0x69, 0x63, 0x6f,
  0x00, 0x00, 0x00, 0x00, 0x6b, 0x65, 0x79, 0x62, 0x6f, 0x61, 0x72, 0x64,
  0x00, 0x00, 0x00, 0x00, 0x4d, 0x61, 0x79, 0x20, 0x32, 0x36, 0x20, 0x32,
  0x30, 0x32, 0x36, 0x00, 0x4c, 0x45, 0x44, 0x00, 0x55, 0x6e, 0x68, 0x61,
  0x6e, 0x64, 0x6c, 0x65, 0x64, 0x20, 0x62, 0x75, 0x66, 0x66, 0x65, 0x72,
  0x20, 0x25, 0x64, 0x0a, 0x00, 0x00, 0x00, 0x00, 0x44, 0x61, 0x74, 0x61,
  0x20, 0x53, 0x65, 0x71, 0x20, 0x45, 0x72, 0x72, 0x6f, 0x72, 0x20, 0x0a,
  0x00, 0x00, 0x00, 0x00, 0x55, 0x6e, 0x68, 0x61, 0x6e, 0x64, 0x6c, 0x65,
  0x64, 0x20, 0x49, 0x52, 0x51, 0x20, 0x30, 0x78, 0x25, 0x78, 0x0a, 0x00,
  0x49, 0x6e, 0x76, 0x61, 0x6c, 0x69, 0x64, 0x20, 0x73, 0x70, 0x65, 0x65,
  0x64, 0x0a, 0x00, 0x00, 0x65, 0x70, 0x20, 0x25, 0x30, 0x32, 0x58, 0x20,
  0x77, 0x61, 0x73, 0x20, 0x61, 0x6c, 0x72, 0x65, 0x61, 0x64, 0x79, 0x20,
  0x61, 0x76, 0x61, 0x69, 0x6c, 0x61, 0x62, 0x6c, 0x65, 0x00, 0x00, 0x00,
  0x43, 0x61, 0x6e, 0x27, 0x74, 0x20, 0x63, 0x6f, 0x6e, 0x74, 0x69, 0x6e,
  0x75, 0x65, 0x20, 0x78, 0x66, 0x65, 0x72, 0x20, 0x6f, 0x6e, 0x20, 0x69,
  0x6e, 0x61, 0x63, 0x74, 0x69, 0x76, 0x65, 0x20, 0x65, 0x70, 0x20, 0x25,
  0x30, 0x32, 0x58, 0x00, 0xe4, 0x69, 0x00, 0x10, 0x06, 0xff, 0x00, 0x00,
  0x1a, 0x20, 0xc0, 0x00, 0x42, 0xa2, 0xc0, 0xa0, 0x20, 0x80, 0x99, 0x20,
  0xf8, 0x69, 0x00, 0x10, 0x0d, 0xff, 0x00, 0x00, 0x1a, 0x38, 0xc0, 0x18,
  0x42, 0xb0, 0x10, 0x50, 0x20, 0x90, 0xa0, 0x90, 0x08, 0x70, 0x88, 0x70,
  0x42, 0xb9, 0x98, 0x38, 0x20, 0xf8, 0xe1, 0xb8, 0x88, 0x78, 0x00, 0x00,
  0x06, 0x00, 0x52, 0x50, 0xd3, 0xf0, 0x75, 0x42, 0xfc, 0x68, 0x00, 0x10,
  0x06, 0x00, 0x52, 0x50, 0xe1, 0x82, 0x88, 0x7f, 0x04, 0x69, 0x00, 0x10,
  0x06, 0x00, 0x52, 0x50, 0x3a, 0xbc, 0xa9, 0x11, 0x14, 0x69, 0x00, 0x10,
  0x06, 0x00, 0x52, 0x50, 0xab, 0xb3, 0x60, 0x53, 0x18, 0x69, 0x00, 0x10,
  0x06, 0x00, 0x52, 0x50, 0xbb, 0xff, 0x3c, 0xb6, 0x20, 0x69, 0x00, 0x10,
  0x06, 0x00, 0x52, 0x50, 0x86, 0x1c, 0x03, 0x02, 0x28, 0x69, 0x00, 0x10,
  0x06, 0x00, 0x52, 0x50, 0x54, 0x22, 0xa2, 0x9d, 0x34, 0x69, 0x00, 0x10,
  0x05, 0x00, 0x52, 0x50, 0xde, 0x65, 0xf4, 0x68, 0x7c, 0x70, 0x00, 0x10,
  0x0d, 0x0a, 0x00, 0x00, 0x09, 0x00, 0x52, 0x50, 0x00, 0x00, 0x00, 0x02,
  0x40, 0x69, 0x00, 0x10, 0xa8, 0x4e, 0x00, 0x10, 0xa8, 0x4e, 0x00, 0x10,
  0x12, 0x4b, 0x00, 0x10, 0x54, 0x4b, 0x00, 0x10, 0xa8, 0x4e, 0x00, 0x10,
  0xaa, 0x4b, 0x00, 0x10, 0xc4, 0x4b, 0x00, 0x10, 0xe2, 0x4b, 0x00, 0x10,
  0x70, 0x4c, 0x00, 0x10, 0xe6, 0x4c, 0x00, 0x10, 0x3a, 0x4d, 0x00, 0x10,
  0x78, 0x4d, 0x00, 0x10, 0xa2, 0x4d, 0x00, 0x10, 0x00, 0x00, 0x00, 0x00,
  0x09, 0x5f, 0x00, 0x10, 0x1d, 0x5f, 0x00, 0x10, 0x85, 0x60, 0x00, 0x10,
  0xa1, 0x61, 0x00, 0x10, 0x21, 0x5f, 0x00, 0x10, 0xd9, 0x5f, 0x00, 0x10,
  0x00, 0x00, 0x00, 0x00, 0x6d, 0x5a, 0x00, 0x10, 0x81, 0x5a, 0x00, 0x10,
  0x85, 0x5a, 0x00, 0x10, 0x25, 0x5b, 0x00, 0x10, 0x79, 0x5b, 0x00, 0x10,
  0xd9, 0x5a, 0x00, 0x10, 0xa0, 0x06, 0x00, 0x00, 0x00, 0x00, 0x09, 0x00,
  0x14, 0x6a, 0x00, 0x10, 0x20, 0x6a, 0x00, 0x10, 0x2c, 0x6a, 0x00, 0x10,
  0x38, 0x6a, 0x00, 0x10, 0x44, 0x6a, 0x00, 0x10, 0x50, 0x6a, 0x00, 0x10,
  0x5c, 0x6a, 0x00, 0x10, 0x68, 0x6a, 0x00, 0x10, 0x78, 0x6a, 0x00, 0x10,
  0xf0, 0xb5, 0x80, 0x24, 0x3b, 0x48, 0xa4, 0x00, 0x43, 0x68, 0x23, 0x42,
  0x11, 0xd1, 0x07, 0x26, 0x39, 0x4d, 0x04, 0xe0, 0xab, 0x2a, 0x20, 0xd0,
  0x43, 0x68, 0x23, 0x42, 0x09, 0xd1, 0x43, 0x6a, 0xda, 0xb2, 0x1b, 0x0c,
  0xd9, 0xb2, 0xaa, 0x2a, 0xf4, 0xd1, 0x29, 0x70, 0x43, 0x68, 0x23, 0x42,
  0xf5, 0xd0, 0x80, 0x21, 0x2f, 0x4a, 0x49, 0x00, 0x53, 0x68, 0x0b, 0x42,
  0x0c, 0xd1, 0xff, 0x20, 0x0f, 0x26, 0x2d, 0x4f, 0x2d, 0x4d, 0x2e, 0x4c,
  0x13, 0x6a, 0xdb, 0xb2, 0xa9, 0x2b, 0x15, 0xd0, 0x10, 0x61, 0x53, 0x68,
  0x0b, 0x42, 0xf7, 0xd0, 0xf0, 0xbd, 0xca, 0x09, 0xdc, 0xd0, 0x49, 0x08,
  0x31, 0x40, 0x02, 0x29, 0x2c, 0xd0, 0x13, 0xd8, 0x00, 0x29, 0x21, 0xd0,
  0xdb, 0x07, 0x19, 0xd5, 0x02, 0x21, 0x21, 0x4b, 0x1a, 0x78, 0x0a, 0x43,
  0x1a, 0x70, 0xcd, 0xe7, 0x3b, 0x78, 0x33, 0x40, 0xeb, 0x5c, 0x23, 0x43,
  0x9b, 0xb2, 0x13, 0x61, 0x53, 0x68, 0x0b, 0x42, 0xdc, 0xd0, 0xe3, 0xe7,
  0x03, 0x29, 0xc1, 0xd1, 0xdb, 0x07, 0x1b, 0xd5, 0x08, 0x21, 0x17, 0x4b,
  0x1a, 0x78, 0x0a, 0x43, 0x1a, 0x70, 0xb9, 0xe7, 0x02, 0x21, 0x14, 0x4b,
  0x1a, 0x78, 0x8a, 0x43, 0x1a, 0x70, 0xb3, 0xe7, 0x01, 0x21, 0x19, 0x42,
  0x12, 0xd0, 0x10, 0x4b, 0x1a, 0x78, 0x0a, 0x43, 0x1a, 0x70, 0xab, 0xe7,
  0xdb, 0x07, 0x10, 0xd5, 0x04, 0x21, 0x0c, 0x4b, 0x1a, 0x78, 0x0a, 0x43,
  0x1a, 0x70, 0xa3, 0xe7, 0x08, 0x21, 0x09, 0x4b, 0x1a, 0x78, 0x8a, 0x43,
  0x1a, 0x70, 0x9d, 0xe7, 0x06, 0x4b, 0x1a, 0x78, 0x8a, 0x43, 0x1a, 0x70,
  0x98, 0xe7, 0x04, 0x21, 0x03, 0x4b, 0x1a, 0x78, 0x8a, 0x43, 0x1a, 0x70,
  0x92, 0xe7, 0xc0, 0x46, 0x00, 0x00, 0x30, 0x50, 0x29, 0x13, 0x00, 0x20,
  0xd8, 0x12, 0x00, 0x20, 0x00, 0xff, 0xff, 0xff, 0xf0, 0xb5, 0xc6, 0x46,
  0x15, 0x00, 0x00, 0xb5, 0x04, 0x00, 0x1e, 0x00, 0x02, 0x68, 0xef, 0xf3,
  0x10, 0x81, 0x72, 0xb6, 0x13, 0x68, 0x00, 0x2b, 0xfc, 0xd0, 0xbf, 0xf3,
  0x5f, 0x8f, 0x04, 0x23, 0xe3, 0x56, 0x00, 0x2b, 0x2d, 0xdb, 0x22, 0x68,
  0xbf, 0xf3, 0x5f, 0x8f, 0x00, 0x20, 0x10, 0x60, 0x81, 0xf3, 0x10, 0x88,
  0xd0, 0x22, 0x12, 0x06, 0x12, 0x78, 0x52, 0xb2, 0x90, 0x46, 0x9a, 0x42,
  0x03, 0xd1, 0x00, 0x20, 0x80, 0xbc, 0xb8, 0x46, 0xf0, 0xbd, 0x00, 0x27,
  0x0b, 0xe0, 0x23, 0x68, 0xbf, 0xf3, 0x5f, 0x8f, 0x1f, 0x60, 0x81, 0xf3,
  0x10, 0x88, 0x28, 0x00, 0x31, 0x00, 0x00, 0xf0, 0x79, 0xf9, 0x00, 0x28,
  0xed, 0xd1, 0x22, 0x68, 0xef, 0xf3, 0x10, 0x81, 0x72, 0xb6, 0x13, 0x68,
  0x00, 0x2b, 0xfc, 0xd0, 0xbf, 0xf3, 0x5f, 0x8f, 0x23, 0x79, 0x7f, 0x2b,
  0xe7, 0xd9, 0x43, 0x46, 0x02, 0xe0, 0xd0, 0x23, 0x1b, 0x06, 0x1b, 0x68,
  0x23, 0x71, 0x23, 0x68, 0xbf, 0xf3, 0x5f, 0x8f, 0x00, 0x22, 0x1a, 0x60,
  0x81, 0xf3, 0x10, 0x88, 0x01, 0x20, 0xd3, 0xe7, 0xf0, 0xb5, 0xc6, 0x46,
  0x00, 0xb5, 0x0d, 0x00, 0x04, 0x00, 0x00, 0xf0, 0x65, 0xf9, 0xfa, 0x22,
  0x06, 0x00, 0x0f, 0x00, 0x00, 0x23, 0x28, 0x00, 0x00, 0x21, 0x92, 0x00,
  0x00, 0xf0, 0x54, 0xf9, 0x80, 0x23, 0x36, 0x18, 0x4f, 0x41, 0x1b, 0x06,
  0x9f, 0x42, 0x02, 0xd3, 0x01, 0x26, 0x17, 0x4f, 0x76, 0x42, 0xd0, 0x23,
  0x1b, 0x06, 0x1b, 0x68, 0x00, 0x25, 0x98, 0x46, 0x0b, 0xe0, 0x23, 0x68,
  0xbf, 0xf3, 0x5f, 0x8f, 0x1d, 0x60, 0x81, 0xf3, 0x10, 0x88, 0x30, 0x00,
  0x39, 0x00, 0x00, 0xf0, 0x33, 0xf9, 0x00, 0x28, 0x18, 0xd1, 0x22, 0x68,
  0xef, 0xf3, 0x10, 0x81, 0x72, 0xb6, 0x13, 0x68, 0x00, 0x2b, 0xfc, 0xd0,
  0xbf, 0xf3, 0x5f, 0x8f, 0x23, 0x79, 0x7f, 0x2b, 0xe7, 0xd9, 0x43, 0x46,
  0x23, 0x71, 0x23, 0x68, 0xbf, 0xf3, 0x5f, 0x8f, 0x00, 0x22, 0x1a, 0x60,
  0x81, 0xf3, 0x10, 0x88, 0x01, 0x20, 0x80, 0xbc, 0xb8, 0x46, 0xf0, 0xbd,
  0x00, 0x20, 0xfa, 0xe7, 0xff, 0xff, 0xff, 0x7f, 0x02, 0x68, 0xef, 0xf3,
  0x10, 0x81, 0x72, 0xb6, 0x13, 0x68, 0x00, 0x2b, 0xfc, 0xd0, 0xbf, 0xf3,
  0x5f, 0x8f, 0xff, 0x23, 0x03, 0x71, 0x03, 0x68, 0xbf, 0xf3, 0x5f, 0x8f,
  0x00, 0x22, 0x1a, 0x60, 0x81, 0xf3, 0x10, 0x88, 0x40, 0xbf, 0x70, 0x47,
  0x10, 0xb5, 0x08, 0x4c, 0x23, 0x78, 0x00, 0x2b, 0x0a, 0xd1, 0x80, 0x23,
  0x06, 0x48, 0x07, 0x49, 0x5b, 0x05, 0x1a, 0x68, 0xc2, 0x50, 0x04, 0x33,
  0x8b, 0x42, 0xfa, 0xd1, 0x01, 0x23, 0x23, 0x70, 0x10, 0xbd, 0xc0, 0x46,
  0x26, 0x13, 0x00, 0x20, 0x90, 0x0f, 0x00, 0x10, 0x00, 0x01, 0x00, 0x10,
  0x10, 0xb5, 0x01, 0x4b, 0x98, 0x47, 0x10, 0xbd, 0x91, 0x0f, 0x00, 0x20,
  0x06, 0x4b, 0x5a, 0x68, 0x02, 0x60, 0x9a, 0x68, 0x42, 0x60, 0xda, 0x68,
  0x82, 0x60, 0x1a, 0x69, 0xc2, 0x60, 0x5a, 0x69, 0x02, 0x61, 0x9b, 0x69,
  0x43, 0x61, 0x70, 0x47, 0x00, 0x00, 0x02, 0x40, 0x02, 0x68, 0x06, 0x4b,
  0x5a, 0x60, 0x42, 0x68, 0x9a, 0x60, 0x82, 0x68, 0xda, 0x60, 0xc2, 0x68,
  0x1a, 0x61, 0x02, 0x69, 0x5a, 0x61, 0x42, 0x69, 0x9a, 0x61, 0x70, 0x47,
  0x00, 0x00, 0x02, 0x40, 0x03, 0x4b, 0x1a, 0x68, 0xc0, 0x23, 0x9b, 0x00,
  0x93, 0x43, 0x02, 0x4a, 0x13, 0x60, 0x70, 0x47, 0x0c, 0x80, 0x01, 0x40,
  0x0c, 0x90, 0x01, 0x40, 0x05, 0x4b, 0x1a, 0x68, 0x80, 0x23, 0x9b, 0x00,
  0x53, 0x40, 0xc0, 0x22, 0x92, 0x00, 0x13, 0x40, 0x02, 0x4a, 0x13, 0x60,
  0x70, 0x47, 0xc0, 0x46, 0x0c, 0x80, 0x01, 0x40, 0x0c, 0x90, 0x01, 0x40,
  0x14, 0x23, 0xf0, 0xb5, 0xd6, 0x46, 0x4f, 0x46, 0x46, 0x46, 0x9a, 0x46,
  0xc0, 0xb5, 0x81, 0x46, 0x18, 0x88, 0x04, 0x33, 0x86, 0xb0, 0x98, 0x46,
  0x0e, 0x00, 0x1b, 0x88, 0x29, 0x49, 0x14, 0x00, 0x98, 0x47, 0x53, 0x46,
  0x07, 0x00, 0x18, 0x88, 0x43, 0x46, 0x27, 0x49, 0x1b, 0x88, 0x98, 0x47,
  0x53, 0x46, 0x05, 0x00, 0x18, 0x88, 0x43, 0x46, 0x24, 0x49, 0x1b, 0x88,
  0x98, 0x47, 0x80, 0x46, 0xff, 0xf7, 0x84, 0xff, 0x68, 0x46, 0xff, 0xf7,
  0x9f, 0xff, 0xb8, 0x47, 0xa8, 0x47, 0xff, 0xf7, 0xc7, 0xff, 0x22, 0x1e,
  0x20, 0xd0, 0xc0, 0x21, 0x08, 0x27, 0x02, 0x20, 0x49, 0x05, 0x11, 0xe0,
  0x00, 0x2c, 0x14, 0xd0, 0x13, 0x1b, 0x0d, 0x2b, 0x24, 0xd9, 0x00, 0x2d,
  0x0a, 0xd0, 0x23, 0x00, 0x00, 0x2a, 0x05, 0xd0, 0x0b, 0x6e, 0x01, 0x3a,
  0x33, 0x70, 0x13, 0x00, 0x01, 0x36, 0x23, 0x43, 0x00, 0x2b, 0x09, 0xd0,
  0x3d, 0x00, 0x8b, 0x6a, 0x1d, 0x40, 0x18, 0x42, 0xe8, 0xd1, 0x00, 0x2d,
  0xed, 0xd1, 0x23, 0x00, 0x13, 0x43, 0xf5, 0xd1, 0xff, 0xf7, 0x96, 0xff,
  0xc0, 0x47, 0xff, 0xf7, 0x6d, 0xff, 0x68, 0x46, 0xff, 0xf7, 0x80, 0xff,
  0x06, 0xb0, 0xe0, 0xbc, 0xba, 0x46, 0xb1, 0x46, 0xa8, 0x46, 0xf0, 0xbd,
  0x4b, 0x46, 0x1b, 0x78, 0x01, 0x3c, 0x0b, 0x66, 0x01, 0x23, 0x9c, 0x46,
  0xe1, 0x44, 0xe4, 0xe7, 0x49, 0x46, 0x00, 0x00, 0x45, 0x58, 0x00, 0x00,
  0x46, 0x43, 0x00, 0x00, 0x70, 0xb5, 0x43, 0x78, 0x04, 0x00, 0x0e, 0x00,
  0x01, 0x2b, 0x1f, 0xd0, 0x18, 0x4b, 0x1d, 0x68, 0x6a, 0x69, 0xef, 0xf3,
  0x10, 0x81, 0x72, 0xb6, 0x13, 0x68, 0x00, 0x2b, 0xfc, 0xd0, 0xbf, 0xf3,
  0x5f, 0x8f, 0xa9, 0x61, 0x28, 0x00, 0x21, 0x00, 0x00, 0xf0, 0x40, 0xf8,
  0x6a, 0x69, 0xab, 0x69, 0xbf, 0xf3, 0x5f, 0x8f, 0x00, 0x21, 0x11, 0x60,
  0x83, 0xf3, 0x10, 0x88, 0x00, 0x28, 0x04, 0xd0, 0x32, 0x00, 0x61, 0x78,
  0x20, 0x78, 0x00, 0xf0, 0x39, 0xf8, 0x70, 0xbd, 0x09, 0x4b, 0x01, 0x78,
  0x1a, 0x78, 0x91, 0x42, 0xda, 0xd1, 0x01, 0x79, 0x5a, 0x78, 0x91, 0x42,
  0xd6, 0xd1, 0x41, 0x79, 0x9a, 0x78, 0x91, 0x42, 0xd2, 0xd1, 0x10, 0x21,
  0xda, 0x78, 0x8a, 0x43, 0xda, 0x70, 0xcd, 0xe7, 0xc4, 0x0e, 0x00, 0x20,
  0xb4, 0x09, 0x00, 0x20, 0x70, 0x47, 0xc0, 0x46, 0x01, 0xb4, 0x02, 0x48,
  0x84, 0x46, 0x01, 0xbc, 0x60, 0x47, 0x00, 0xbf, 0xb5, 0x19, 0x00, 0x10,
  0x01, 0xb4, 0x02, 0x48, 0x84, 0x46, 0x01, 0xbc, 0x60, 0x47, 0x00, 0xbf,
  0xc1, 0x25, 0x00, 0x10, 0x01, 0xb4, 0x02, 0x48, 0x84, 0x46, 0x01, 0xbc,
  0x60, 0x47, 0x00, 0xbf, 0xd1, 0x1a, 0x00, 0x10, 0x01, 0xb4, 0x02, 0x48,
  0x84, 0x46, 0x01, 0xbc, 0x60, 0x47, 0x00, 0xbf, 0xed, 0x62, 0x00, 0x10,
  0x01, 0xb4, 0x02, 0x48, 0x84, 0x46, 0x01, 0xbc, 0x60, 0x47, 0x00, 0xbf,
  0x01, 0x42, 0x00, 0x10, 0x10, 0x00, 0x00, 0x00, 0x00, 0x00, 0x00, 0x00,
  0x00, 0x00, 0x01, 0x00, 0x00, 0x00, 0x00, 0x00, 0x00, 0x00, 0x00, 0x00,
  0x00, 0x00, 0x02, 0x00, 0x00, 0x00, 0x00, 0x00, 0x00, 0x00, 0x00, 0x00,
  0x00, 0x00, 0x03, 0x00, 0x00, 0x00, 0x00, 0x00, 0x00, 0x00, 0x00, 0x00,
  0x00, 0x00, 0xff, 0x00, 0x00, 0x00, 0x00, 0x00, 0x01, 0xb5, 0x48, 0x68,
  0x01, 0x31, 0x8e, 0x46, 0x00, 0x47, 0x70, 0x46, 0x09, 0x38, 0x01, 0x49,
  0x88, 0x47, 0x01, 0xbd, 0x2d, 0x12, 0x00, 0x10, 0x00, 0x00, 0x00, 0x00,
  0x00, 0x00, 0x00, 0x00, 0x00, 0x00, 0x00, 0x00, 0x00, 0x00, 0x00, 0x00,
  0x00, 0x00, 0x00, 0x00, 0x20, 0x06, 0x00, 0x20, 0x00, 0x00, 0x00, 0x00,
  0x50, 0x33, 0x00, 0x00, 0x4c, 0x33, 0x00, 0x00, 0x54, 0x33, 0x00, 0x00,
  0x52, 0x33, 0x00, 0x00, 0x4d, 0x53, 0x00, 0x00, 0x4d, 0x43, 0x00, 0x00,
  0x53, 0x34, 0x00, 0x00, 0x43, 0x34, 0x00, 0x00, 0xc8, 0x0e, 0x00, 0x20,
  0x10, 0x00, 0x0c, 0x00, 0x00, 0x00, 0x00, 0x00, 0x00, 0x00, 0x00, 0x00,
  0x00, 0x00, 0x00, 0x00, 0x00, 0x00, 0x00, 0x00, 0x00, 0x00, 0x00, 0x00,
  0xff, 0x00, 0x00, 0x00, 0x00, 0x00, 0x00, 0x00, 0x00, 0x00, 0x00, 0x00,
  0x00, 0x00, 0x00, 0x00, 0x00, 0x00, 0x00, 0x00
};
unsigned int ___pico_keyboard_dist_keyboard_bin_len = 28796;
